first,firstbreed,breedage,firstreturn,returnage
10,NA,NA,NA,NA
10,NA,NA,13,3
10,16,6,15,5
10,NA,NA,NA,NA
10,NA,NA,NA,NA
10,NA,NA,NA,NA
10,NA,NA,NA,NA
10,NA,NA,NA,NA
10,NA,NA,NA,NA
10,NA,NA,15,5
10,NA,NA,NA,NA
10,16,6,13,3
10,NA,NA,NA,NA
10,NA,NA,NA,NA
10,NA,NA,NA,NA
10,16,6,13,3
10,NA,NA,NA,NA
10,NA,NA,NA,NA
10,NA,NA,14,4
10,NA,NA,NA,NA
10,NA,NA,NA,NA
10,NA,NA,NA,NA
10,NA,NA,NA,NA
10,19,9,13,3
10,NA,NA,NA,NA
10,16,6,15,5
10,16,6,13,3
10,19,9,12,2
10,NA,NA,NA,NA
10,NA,NA,NA,NA
10,NA,NA,13,3
10,NA,NA,NA,NA
10,NA,NA,NA,NA
10,NA,NA,13,3
10,NA,NA,NA,NA
10,NA,NA,NA,NA
10,NA,NA,NA,NA
10,NA,NA,NA,NA
10,NA,NA,NA,NA
10,NA,NA,NA,NA
10,18,8,14,4
10,16,6,13,3
10,NA,NA,13,3
10,NA,NA,14,4
10,NA,NA,NA,NA
10,NA,NA,13,3
10,NA,NA,14,4
10,NA,NA,13,3
10,21,11,13,3
10,NA,NA,NA,NA
10,NA,NA,NA,NA
10,NA,NA,NA,NA
10,NA,NA,13,3
10,NA,NA,NA,NA
10,16,6,15,5
10,NA,NA,13,3
10,16,6,14,4
10,NA,NA,NA,NA
10,NA,NA,NA,NA
10,NA,NA,15,5
10,NA,NA,NA,NA
10,NA,NA,NA,NA
10,17,7,14,4
10,NA,NA,13,3
10,NA,NA,NA,NA
10,NA,NA,NA,NA
10,NA,NA,NA,NA
10,NA,NA,NA,NA
10,NA,NA,NA,NA
10,NA,NA,12,2
10,NA,NA,NA,NA
10,NA,NA,NA,NA
10,NA,NA,NA,NA
10,NA,NA,NA,NA
10,NA,NA,15,5
10,NA,NA,NA,NA
10,NA,NA,13,3
10,NA,NA,NA,NA
10,NA,NA,NA,NA
10,NA,NA,NA,NA
10,NA,NA,NA,NA
10,NA,NA,NA,NA
10,NA,NA,NA,NA
10,NA,NA,NA,NA
10,NA,NA,14,4
10,NA,NA,NA,NA
10,NA,NA,NA,NA
10,22,12,13,3
10,16,6,13,3
10,NA,NA,NA,NA
10,16,6,13,3
10,NA,NA,NA,NA
10,NA,NA,12,2
10,NA,NA,NA,NA
10,NA,NA,NA,NA
10,NA,NA,NA,NA
10,16,6,13,3
10,NA,NA,13,3
10,NA,NA,NA,NA
10,16,6,12,2
10,NA,NA,NA,NA
10,NA,NA,NA,NA
10,NA,NA,NA,NA
10,NA,NA,NA,NA
10,16,6,13,3
10,NA,NA,NA,NA
10,NA,NA,NA,NA
10,NA,NA,15,5
10,NA,NA,15,5
10,NA,NA,NA,NA
10,18,8,15,5
10,NA,NA,15,5
10,NA,NA,14,4
10,NA,NA,13,3
10,NA,NA,NA,NA
10,NA,NA,NA,NA
10,NA,NA,13,3
10,NA,NA,NA,NA
10,NA,NA,NA,NA
10,NA,NA,NA,NA
10,NA,NA,NA,NA
10,NA,NA,NA,NA
10,NA,NA,NA,NA
10,NA,NA,NA,NA
10,NA,NA,NA,NA
10,NA,NA,14,4
10,NA,NA,NA,NA
10,NA,NA,NA,NA
10,NA,NA,13,3
10,NA,NA,NA,NA
10,NA,NA,13,3
10,16,6,13,3
10,NA,NA,NA,NA
10,NA,NA,12,2
10,16,6,13,3
10,NA,NA,13,3
10,NA,NA,NA,NA
10,NA,NA,NA,NA
10,16,6,14,4
10,NA,NA,NA,NA
10,NA,NA,NA,NA
10,NA,NA,NA,NA
10,NA,NA,NA,NA
10,NA,NA,NA,NA
10,NA,NA,NA,NA
10,NA,NA,NA,NA
10,NA,NA,NA,NA
10,NA,NA,NA,NA
10,NA,NA,NA,NA
10,NA,NA,NA,NA
10,NA,NA,NA,NA
10,NA,NA,NA,NA
10,NA,NA,NA,NA
10,NA,NA,NA,NA
10,NA,NA,15,5
10,NA,NA,14,4
10,NA,NA,NA,NA
10,NA,NA,13,3
10,NA,NA,NA,NA
10,NA,NA,NA,NA
10,NA,NA,NA,NA
10,NA,NA,NA,NA
10,NA,NA,NA,NA
10,NA,NA,NA,NA
10,19,9,15,5
10,NA,NA,NA,NA
10,NA,NA,13,3
10,NA,NA,NA,NA
10,14,4,13,3
10,NA,NA,NA,NA
10,19,9,13,3
10,15,5,13,3
10,NA,NA,NA,NA
10,NA,NA,NA,NA
10,NA,NA,NA,NA
10,NA,NA,13,3
10,NA,NA,NA,NA
10,NA,NA,NA,NA
10,NA,NA,NA,NA
10,NA,NA,15,5
10,NA,NA,15,5
10,NA,NA,15,5
10,NA,NA,13,3
10,NA,NA,NA,NA
10,16,6,13,3
10,NA,NA,13,3
10,NA,NA,NA,NA
10,16,6,13,3
10,NA,NA,19,9
10,17,7,13,3
10,NA,NA,13,3
10,NA,NA,NA,NA
10,17,7,14,4
10,22,12,13,3
10,16,6,13,3
10,NA,NA,13,3
10,NA,NA,NA,NA
10,NA,NA,NA,NA
10,NA,NA,NA,NA
10,NA,NA,13,3
10,NA,NA,14,4
10,NA,NA,NA,NA
10,NA,NA,NA,NA
10,18,8,16,6
10,16,6,12,2
10,NA,NA,NA,NA
10,NA,NA,NA,NA
10,NA,NA,NA,NA
10,NA,NA,NA,NA
10,NA,NA,NA,NA
10,NA,NA,NA,NA
10,NA,NA,NA,NA
10,NA,NA,NA,NA
10,NA,NA,NA,NA
10,NA,NA,13,3
10,NA,NA,NA,NA
10,NA,NA,13,3
10,NA,NA,13,3
10,NA,NA,NA,NA
10,NA,NA,NA,NA
10,16,6,14,4
6,NA,NA,8,2
6,NA,NA,NA,NA
6,NA,NA,NA,NA
6,NA,NA,NA,NA
6,NA,NA,NA,NA
6,NA,NA,19,13
6,NA,NA,NA,NA
6,NA,NA,9,3
6,NA,NA,9,3
6,NA,NA,9,3
6,NA,NA,NA,NA
6,NA,NA,NA,NA
6,NA,NA,NA,NA
6,21,15,11,5
6,NA,NA,NA,NA
6,NA,NA,NA,NA
6,NA,NA,9,3
6,13,7,9,3
6,NA,NA,9,3
6,11,5,9,3
6,NA,NA,9,3
6,NA,NA,NA,NA
6,NA,NA,9,3
6,NA,NA,NA,NA
6,NA,NA,NA,NA
6,NA,NA,9,3
6,NA,NA,NA,NA
6,NA,NA,NA,NA
6,17,11,11,5
6,NA,NA,12,6
6,NA,NA,11,5
6,NA,NA,NA,NA
6,NA,NA,9,3
6,NA,NA,9,3
6,NA,NA,NA,NA
6,NA,NA,9,3
6,NA,NA,NA,NA
6,NA,NA,NA,NA
6,NA,NA,21,15
6,NA,NA,NA,NA
6,21,15,9,3
6,NA,NA,NA,NA
6,NA,NA,9,3
6,NA,NA,NA,NA
6,NA,NA,9,3
6,NA,NA,9,3
6,NA,NA,NA,NA
6,NA,NA,NA,NA
6,11,5,9,3
6,19,13,9,3
6,15,9,9,3
6,14,8,9,3
6,NA,NA,NA,NA
6,NA,NA,9,3
6,NA,NA,NA,NA
6,NA,NA,8,2
6,NA,NA,NA,NA
6,NA,NA,9,3
6,NA,NA,NA,NA
6,NA,NA,NA,NA
6,NA,NA,9,3
6,NA,NA,NA,NA
6,NA,NA,11,5
6,NA,NA,NA,NA
6,NA,NA,9,3
6,NA,NA,NA,NA
6,NA,NA,NA,NA
6,NA,NA,9,3
6,NA,NA,9,3
6,NA,NA,NA,NA
6,NA,NA,NA,NA
6,NA,NA,NA,NA
6,NA,NA,NA,NA
6,NA,NA,NA,NA
6,NA,NA,NA,NA
6,NA,NA,10,4
6,15,9,10,4
6,NA,NA,NA,NA
6,NA,NA,9,3
6,NA,NA,9,3
6,NA,NA,NA,NA
6,NA,NA,9,3
6,11,5,9,3
6,NA,NA,NA,NA
6,NA,NA,NA,NA
6,NA,NA,NA,NA
6,NA,NA,8,2
6,NA,NA,NA,NA
6,NA,NA,NA,NA
6,NA,NA,9,3
6,NA,NA,9,3
6,NA,NA,12,6
6,NA,NA,NA,NA
6,NA,NA,8,2
6,NA,NA,9,3
6,NA,NA,9,3
6,NA,NA,9,3
6,NA,NA,NA,NA
6,NA,NA,NA,NA
6,NA,NA,9,3
6,NA,NA,9,3
6,15,9,8,2
6,NA,NA,8,2
6,NA,NA,NA,NA
6,NA,NA,9,3
6,15,9,8,2
6,NA,NA,NA,NA
6,NA,NA,9,3
6,NA,NA,9,3
6,NA,NA,NA,NA
6,NA,NA,12,6
6,NA,NA,NA,NA
6,NA,NA,NA,NA
6,NA,NA,9,3
6,NA,NA,NA,NA
6,13,7,9,3
6,15,9,9,3
6,NA,NA,9,3
6,NA,NA,NA,NA
6,NA,NA,NA,NA
6,11,5,9,3
6,NA,NA,NA,NA
6,NA,NA,9,3
6,NA,NA,NA,NA
6,NA,NA,NA,NA
6,NA,NA,9,3
6,NA,NA,9,3
6,NA,NA,9,3
6,NA,NA,NA,NA
6,NA,NA,NA,NA
6,NA,NA,9,3
6,NA,NA,9,3
6,NA,NA,10,4
6,NA,NA,NA,NA
6,NA,NA,9,3
6,NA,NA,NA,NA
6,NA,NA,NA,NA
6,NA,NA,NA,NA
6,NA,NA,10,4
6,NA,NA,10,4
6,10,4,9,3
6,NA,NA,NA,NA
6,NA,NA,NA,NA
6,NA,NA,9,3
6,NA,NA,8,2
6,NA,NA,NA,NA
6,NA,NA,NA,NA
6,NA,NA,10,4
6,13,7,9,3
6,NA,NA,9,3
6,14,8,9,3
6,NA,NA,NA,NA
6,NA,NA,NA,NA
6,NA,NA,NA,NA
6,NA,NA,9,3
6,NA,NA,9,3
7,NA,NA,NA,NA
7,20,13,9,2
7,NA,NA,NA,NA
7,NA,NA,NA,NA
7,NA,NA,NA,NA
7,NA,NA,NA,NA
7,16,9,12,5
7,23,16,9,2
7,NA,NA,NA,NA
7,NA,NA,NA,NA
7,NA,NA,10,3
7,NA,NA,11,4
7,NA,NA,NA,NA
7,21,14,10,3
7,NA,NA,11,4
7,NA,NA,NA,NA
7,NA,NA,NA,NA
7,NA,NA,9,2
7,NA,NA,NA,NA
7,NA,NA,NA,NA
7,NA,NA,10,3
7,NA,NA,10,3
7,13,6,10,3
7,14,7,12,5
7,NA,NA,NA,NA
7,NA,NA,NA,NA
7,14,7,11,4
7,NA,NA,NA,NA
7,NA,NA,11,4
7,13,6,11,4
7,NA,NA,NA,NA
7,14,7,11,4
7,15,8,11,4
7,14,7,10,3
7,NA,NA,NA,NA
7,NA,NA,NA,NA
7,NA,NA,NA,NA
7,NA,NA,12,5
7,NA,NA,NA,NA
7,NA,NA,10,3
7,NA,NA,NA,NA
7,21,14,10,3
7,NA,NA,NA,NA
7,NA,NA,10,3
7,NA,NA,11,4
7,NA,NA,NA,NA
7,NA,NA,11,4
7,NA,NA,11,4
7,14,7,12,5
7,NA,NA,NA,NA
7,NA,NA,10,3
7,NA,NA,NA,NA
7,NA,NA,12,5
7,NA,NA,NA,NA
7,NA,NA,NA,NA
7,NA,NA,NA,NA
7,NA,NA,NA,NA
7,NA,NA,NA,NA
7,NA,NA,12,5
7,NA,NA,NA,NA
7,12,5,10,3
7,NA,NA,NA,NA
7,NA,NA,NA,NA
7,NA,NA,11,4
7,NA,NA,14,7
7,13,6,9,2
7,NA,NA,10,3
7,14,7,11,4
7,NA,NA,NA,NA
7,NA,NA,NA,NA
7,NA,NA,11,4
7,NA,NA,NA,NA
7,NA,NA,21,14
7,NA,NA,NA,NA
7,NA,NA,NA,NA
7,NA,NA,NA,NA
7,NA,NA,NA,NA
7,NA,NA,NA,NA
7,NA,NA,NA,NA
7,NA,NA,NA,NA
7,NA,NA,NA,NA
7,12,5,10,3
7,NA,NA,NA,NA
7,NA,NA,NA,NA
7,15,8,12,5
7,NA,NA,9,2
7,NA,NA,NA,NA
7,16,9,12,5
7,NA,NA,NA,NA
7,NA,NA,11,4
7,NA,NA,NA,NA
7,14,7,10,3
7,14,7,10,3
7,NA,NA,NA,NA
7,NA,NA,NA,NA
7,17,10,10,3
7,NA,NA,12,5
7,NA,NA,11,4
7,NA,NA,NA,NA
7,NA,NA,12,5
7,NA,NA,NA,NA
7,14,7,11,4
7,16,9,10,3
7,16,9,11,4
7,NA,NA,NA,NA
7,13,6,10,3
7,NA,NA,10,3
7,14,7,10,3
7,NA,NA,11,4
7,NA,NA,NA,NA
7,NA,NA,NA,NA
7,NA,NA,NA,NA
7,17,10,11,4
7,NA,NA,NA,NA
7,NA,NA,NA,NA
7,NA,NA,NA,NA
7,NA,NA,NA,NA
7,NA,NA,9,2
7,NA,NA,NA,NA
7,NA,NA,NA,NA
7,NA,NA,NA,NA
7,NA,NA,NA,NA
7,NA,NA,NA,NA
7,NA,NA,NA,NA
7,NA,NA,NA,NA
7,NA,NA,NA,NA
7,NA,NA,NA,NA
7,NA,NA,11,4
7,NA,NA,14,7
7,NA,NA,NA,NA
7,NA,NA,NA,NA
7,NA,NA,11,4
7,NA,NA,NA,NA
7,16,9,11,4
7,NA,NA,NA,NA
7,NA,NA,NA,NA
7,NA,NA,NA,NA
7,NA,NA,NA,NA
7,13,6,11,4
7,NA,NA,12,5
7,NA,NA,11,4
7,NA,NA,11,4
7,NA,NA,NA,NA
7,NA,NA,12,5
7,NA,NA,10,3
7,14,7,11,4
7,NA,NA,10,3
7,14,7,12,5
7,NA,NA,NA,NA
7,NA,NA,10,3
7,NA,NA,10,3
7,NA,NA,11,4
7,NA,NA,11,4
7,NA,NA,10,3
7,NA,NA,NA,NA
7,NA,NA,NA,NA
7,NA,NA,12,5
7,NA,NA,NA,NA
7,NA,NA,NA,NA
7,NA,NA,NA,NA
7,14,7,10,3
7,NA,NA,10,3
7,NA,NA,NA,NA
7,15,8,11,4
7,NA,NA,NA,NA
7,NA,NA,NA,NA
7,NA,NA,NA,NA
7,NA,NA,12,5
7,NA,NA,10,3
7,NA,NA,12,5
7,NA,NA,10,3
7,NA,NA,NA,NA
7,NA,NA,10,3
7,NA,NA,10,3
7,NA,NA,NA,NA
7,NA,NA,12,5
7,13,6,11,4
7,NA,NA,11,4
7,NA,NA,NA,NA
7,NA,NA,NA,NA
7,16,9,11,4
7,NA,NA,11,4
7,14,7,10,3
7,NA,NA,10,3
7,NA,NA,10,3
7,NA,NA,NA,NA
7,16,9,10,3
7,NA,NA,10,3
7,NA,NA,NA,NA
7,NA,NA,10,3
7,NA,NA,NA,NA
7,NA,NA,NA,NA
7,NA,NA,NA,NA
7,NA,NA,NA,NA
7,NA,NA,NA,NA
7,NA,NA,NA,NA
8,NA,NA,NA,NA
1,13,12,4,3
8,NA,NA,NA,NA
8,NA,NA,NA,NA
8,NA,NA,NA,NA
8,NA,NA,NA,NA
8,NA,NA,12,4
8,15,7,12,4
8,NA,NA,NA,NA
8,NA,NA,NA,NA
8,NA,NA,NA,NA
8,NA,NA,NA,NA
8,NA,NA,NA,NA
8,NA,NA,NA,NA
8,NA,NA,NA,NA
8,NA,NA,NA,NA
8,NA,NA,NA,NA
8,NA,NA,NA,NA
8,NA,NA,NA,NA
8,17,9,12,4
8,NA,NA,NA,NA
8,NA,NA,NA,NA
8,NA,NA,12,4
8,NA,NA,NA,NA
8,NA,NA,NA,NA
8,NA,NA,NA,NA
8,NA,NA,NA,NA
8,NA,NA,NA,NA
8,NA,NA,NA,NA
8,NA,NA,NA,NA
8,NA,NA,NA,NA
8,NA,NA,11,3
8,NA,NA,NA,NA
8,NA,NA,11,3
8,19,11,16,8
8,NA,NA,NA,NA
8,16,8,11,3
8,NA,NA,NA,NA
8,NA,NA,NA,NA
8,NA,NA,NA,NA
8,NA,NA,NA,NA
8,NA,NA,NA,NA
8,NA,NA,NA,NA
8,NA,NA,NA,NA
8,NA,NA,NA,NA
8,NA,NA,11,3
8,NA,NA,12,4
8,NA,NA,10,2
8,NA,NA,NA,NA
8,19,11,12,4
8,16,8,13,5
8,NA,NA,12,4
8,NA,NA,NA,NA
8,NA,NA,NA,NA
8,NA,NA,12,4
8,NA,NA,11,3
8,NA,NA,NA,NA
8,NA,NA,NA,NA
8,NA,NA,NA,NA
8,19,11,12,4
8,NA,NA,15,7
8,NA,NA,NA,NA
8,NA,NA,NA,NA
8,NA,NA,NA,NA
8,NA,NA,12,4
8,NA,NA,NA,NA
8,NA,NA,NA,NA
8,NA,NA,NA,NA
8,NA,NA,NA,NA
8,NA,NA,12,4
8,15,7,11,3
8,NA,NA,NA,NA
8,NA,NA,NA,NA
8,NA,NA,NA,NA
8,NA,NA,NA,NA
8,NA,NA,NA,NA
8,NA,NA,12,4
8,NA,NA,NA,NA
8,NA,NA,NA,NA
8,NA,NA,12,4
8,NA,NA,NA,NA
8,14,6,11,3
8,NA,NA,NA,NA
8,NA,NA,NA,NA
8,NA,NA,NA,NA
8,NA,NA,NA,NA
8,NA,NA,NA,NA
8,NA,NA,NA,NA
8,13,5,10,2
8,NA,NA,NA,NA
8,NA,NA,NA,NA
8,NA,NA,NA,NA
8,NA,NA,NA,NA
8,NA,NA,NA,NA
8,NA,NA,NA,NA
8,NA,NA,NA,NA
8,NA,NA,NA,NA
8,NA,NA,NA,NA
8,NA,NA,NA,NA
8,NA,NA,NA,NA
8,NA,NA,NA,NA
8,NA,NA,NA,NA
8,NA,NA,NA,NA
8,NA,NA,NA,NA
8,NA,NA,NA,NA
8,NA,NA,NA,NA
8,NA,NA,NA,NA
8,NA,NA,NA,NA
8,NA,NA,NA,NA
8,NA,NA,NA,NA
8,NA,NA,NA,NA
8,NA,NA,12,4
8,NA,NA,NA,NA
8,NA,NA,NA,NA
8,NA,NA,NA,NA
8,NA,NA,NA,NA
8,NA,NA,NA,NA
8,NA,NA,NA,NA
8,NA,NA,NA,NA
8,21,13,12,4
8,NA,NA,NA,NA
8,NA,NA,NA,NA
8,NA,NA,NA,NA
8,NA,NA,NA,NA
8,NA,NA,14,6
8,NA,NA,NA,NA
8,NA,NA,12,4
8,NA,NA,NA,NA
8,NA,NA,NA,NA
8,16,8,13,5
8,NA,NA,12,4
8,NA,NA,12,4
8,NA,NA,NA,NA
8,NA,NA,NA,NA
8,NA,NA,NA,NA
8,NA,NA,NA,NA
8,NA,NA,NA,NA
8,NA,NA,NA,NA
8,NA,NA,14,6
8,NA,NA,NA,NA
8,NA,NA,NA,NA
8,NA,NA,12,4
8,NA,NA,NA,NA
8,NA,NA,NA,NA
8,NA,NA,NA,NA
8,14,6,11,3
8,NA,NA,12,4
8,15,7,11,3
8,NA,NA,12,4
8,NA,NA,NA,NA
8,NA,NA,NA,NA
8,NA,NA,NA,NA
8,NA,NA,NA,NA
8,NA,NA,12,4
8,NA,NA,NA,NA
8,NA,NA,NA,NA
8,NA,NA,NA,NA
8,NA,NA,NA,NA
8,NA,NA,NA,NA
8,16,8,12,4
8,NA,NA,12,4
8,NA,NA,10,2
8,NA,NA,NA,NA
8,NA,NA,NA,NA
8,NA,NA,NA,NA
8,14,6,12,4
8,NA,NA,NA,NA
8,NA,NA,NA,NA
8,NA,NA,NA,NA
8,NA,NA,NA,NA
8,NA,NA,12,4
8,14,6,12,4
8,NA,NA,NA,NA
8,NA,NA,NA,NA
8,NA,NA,NA,NA
8,NA,NA,NA,NA
8,15,7,12,4
8,NA,NA,NA,NA
8,NA,NA,12,4
8,NA,NA,NA,NA
8,NA,NA,NA,NA
8,NA,NA,NA,NA
8,NA,NA,NA,NA
8,NA,NA,NA,NA
8,NA,NA,NA,NA
8,NA,NA,NA,NA
8,NA,NA,NA,NA
8,NA,NA,NA,NA
8,NA,NA,NA,NA
8,NA,NA,NA,NA
8,NA,NA,NA,NA
8,NA,NA,NA,NA
8,NA,NA,NA,NA
8,NA,NA,NA,NA
8,NA,NA,NA,NA
8,15,7,12,4
8,NA,NA,NA,NA
8,NA,NA,12,4
8,NA,NA,NA,NA
8,NA,NA,NA,NA
8,NA,NA,NA,NA
8,15,7,12,4
8,NA,NA,NA,NA
8,NA,NA,NA,NA
8,NA,NA,NA,NA
8,NA,NA,NA,NA
8,NA,NA,NA,NA
8,NA,NA,NA,NA
8,NA,NA,NA,NA
8,NA,NA,NA,NA
8,NA,NA,NA,NA
8,NA,NA,NA,NA
8,NA,NA,NA,NA
8,NA,NA,NA,NA
8,NA,NA,NA,NA
8,NA,NA,NA,NA
8,NA,NA,11,3
8,NA,NA,NA,NA
8,NA,NA,NA,NA
8,NA,NA,NA,NA
8,NA,NA,NA,NA
8,NA,NA,NA,NA
8,NA,NA,NA,NA
8,NA,NA,NA,NA
8,NA,NA,NA,NA
8,NA,NA,NA,NA
8,NA,NA,NA,NA
8,NA,NA,NA,NA
8,NA,NA,NA,NA
8,NA,NA,NA,NA
8,NA,NA,NA,NA
8,NA,NA,NA,NA
8,NA,NA,NA,NA
8,NA,NA,NA,NA
8,NA,NA,NA,NA
8,NA,NA,NA,NA
8,NA,NA,11,3
8,NA,NA,NA,NA
8,NA,NA,NA,NA
8,NA,NA,11,3
8,NA,NA,NA,NA
8,15,7,12,4
8,NA,NA,NA,NA
8,NA,NA,NA,NA
8,NA,NA,NA,NA
8,13,5,11,3
8,NA,NA,NA,NA
8,15,7,10,2
8,13,5,12,4
8,NA,NA,NA,NA
8,NA,NA,NA,NA
8,NA,NA,NA,NA
8,NA,NA,NA,NA
8,NA,NA,NA,NA
8,NA,NA,NA,NA
8,NA,NA,11,3
8,NA,NA,NA,NA
8,NA,NA,NA,NA
8,NA,NA,NA,NA
9,NA,NA,NA,NA
9,NA,NA,13,4
9,NA,NA,NA,NA
9,NA,NA,12,3
9,NA,NA,NA,NA
9,NA,NA,NA,NA
9,NA,NA,NA,NA
9,NA,NA,NA,NA
9,NA,NA,NA,NA
9,NA,NA,12,3
9,NA,NA,12,3
9,NA,NA,NA,NA
9,NA,NA,NA,NA
9,NA,NA,NA,NA
9,NA,NA,NA,NA
9,NA,NA,NA,NA
9,NA,NA,NA,NA
9,NA,NA,NA,NA
9,NA,NA,NA,NA
9,NA,NA,NA,NA
9,NA,NA,NA,NA
9,17,8,13,4
9,16,7,12,3
9,NA,NA,12,3
9,NA,NA,12,3
9,NA,NA,NA,NA
9,NA,NA,12,3
9,NA,NA,12,3
9,NA,NA,NA,NA
9,NA,NA,14,5
9,NA,NA,NA,NA
9,NA,NA,NA,NA
9,19,10,12,3
9,NA,NA,12,3
9,NA,NA,NA,NA
9,NA,NA,NA,NA
9,NA,NA,12,3
9,NA,NA,15,6
9,NA,NA,NA,NA
9,16,7,12,3
9,NA,NA,NA,NA
9,NA,NA,11,2
9,NA,NA,NA,NA
9,15,6,12,3
9,15,6,13,4
9,NA,NA,12,3
9,NA,NA,NA,NA
9,NA,NA,NA,NA
9,NA,NA,13,4
9,NA,NA,NA,NA
9,NA,NA,NA,NA
9,NA,NA,12,3
9,NA,NA,NA,NA
9,NA,NA,14,5
9,16,7,13,4
9,NA,NA,NA,NA
9,NA,NA,NA,NA
9,NA,NA,12,3
9,NA,NA,NA,NA
9,NA,NA,NA,NA
9,NA,NA,NA,NA
9,NA,NA,NA,NA
9,NA,NA,NA,NA
9,NA,NA,13,4
9,NA,NA,NA,NA
9,NA,NA,NA,NA
9,NA,NA,NA,NA
9,NA,NA,NA,NA
9,NA,NA,NA,NA
9,NA,NA,NA,NA
9,NA,NA,NA,NA
9,NA,NA,NA,NA
9,NA,NA,NA,NA
9,NA,NA,12,3
9,NA,NA,NA,NA
9,NA,NA,12,3
9,NA,NA,NA,NA
9,NA,NA,NA,NA
9,17,8,13,4
9,17,8,12,3
9,14,5,13,4
9,19,10,15,6
9,NA,NA,12,3
9,16,7,12,3
9,NA,NA,12,3
9,NA,NA,NA,NA
9,NA,NA,NA,NA
9,NA,NA,NA,NA
9,NA,NA,NA,NA
9,15,6,12,3
9,16,7,13,4
9,NA,NA,NA,NA
9,NA,NA,NA,NA
9,16,7,12,3
9,NA,NA,NA,NA
9,NA,NA,11,2
9,NA,NA,13,4
9,NA,NA,NA,NA
9,NA,NA,NA,NA
9,15,6,12,3
9,NA,NA,NA,NA
9,NA,NA,13,4
9,NA,NA,NA,NA
9,NA,NA,NA,NA
9,NA,NA,NA,NA
9,NA,NA,NA,NA
9,16,7,13,4
9,NA,NA,NA,NA
9,NA,NA,NA,NA
9,NA,NA,NA,NA
9,NA,NA,NA,NA
9,NA,NA,14,5
9,NA,NA,NA,NA
9,14,5,12,3
9,16,7,11,2
9,NA,NA,NA,NA
9,NA,NA,NA,NA
9,NA,NA,NA,NA
9,NA,NA,NA,NA
9,16,7,12,3
9,NA,NA,NA,NA
9,NA,NA,NA,NA
9,NA,NA,12,3
9,17,8,12,3
9,16,7,13,4
9,15,6,12,3
9,NA,NA,NA,NA
9,NA,NA,NA,NA
9,NA,NA,NA,NA
9,NA,NA,NA,NA
9,NA,NA,NA,NA
9,15,6,12,3
9,15,6,12,3
9,NA,NA,12,3
9,NA,NA,NA,NA
9,NA,NA,12,3
9,NA,NA,NA,NA
9,NA,NA,NA,NA
9,NA,NA,NA,NA
9,NA,NA,12,3
9,NA,NA,NA,NA
9,NA,NA,NA,NA
9,NA,NA,NA,NA
9,NA,NA,NA,NA
9,NA,NA,NA,NA
9,NA,NA,12,3
9,NA,NA,NA,NA
9,NA,NA,NA,NA
9,NA,NA,12,3
9,NA,NA,NA,NA
9,NA,NA,NA,NA
9,NA,NA,NA,NA
9,NA,NA,NA,NA
9,16,7,12,3
9,19,10,12,3
9,NA,NA,NA,NA
9,NA,NA,NA,NA
9,NA,NA,NA,NA
9,NA,NA,NA,NA
9,NA,NA,NA,NA
9,NA,NA,12,3
9,NA,NA,12,3
9,NA,NA,12,3
9,21,12,12,3
9,NA,NA,NA,NA
9,16,7,12,3
9,NA,NA,NA,NA
9,NA,NA,11,2
9,NA,NA,NA,NA
9,NA,NA,NA,NA
9,NA,NA,NA,NA
9,NA,NA,NA,NA
9,NA,NA,NA,NA
9,19,10,13,4
9,NA,NA,NA,NA
9,NA,NA,NA,NA
9,NA,NA,NA,NA
9,NA,NA,12,3
2,7,5,5,3
3,NA,NA,6,3
1,NA,NA,NA,NA
1,9,8,4,3
1,NA,NA,NA,NA
1,NA,NA,NA,NA
1,9,8,4,3
1,NA,NA,NA,NA
1,NA,NA,NA,NA
1,NA,NA,NA,NA
1,NA,NA,NA,NA
1,NA,NA,NA,NA
1,7,6,5,4
1,NA,NA,NA,NA
1,NA,NA,NA,NA
1,NA,NA,NA,NA
1,NA,NA,NA,NA
1,NA,NA,NA,NA
1,NA,NA,NA,NA
1,NA,NA,NA,NA
1,NA,NA,NA,NA
1,9,8,4,3
1,NA,NA,NA,NA
1,NA,NA,4,3
1,NA,NA,NA,NA
1,NA,NA,NA,NA
1,NA,NA,NA,NA
1,NA,NA,NA,NA
1,7,6,4,3
1,NA,NA,NA,NA
1,NA,NA,NA,NA
1,NA,NA,NA,NA
1,NA,NA,NA,NA
1,NA,NA,NA,NA
1,NA,NA,NA,NA
1,NA,NA,12,11
1,NA,NA,9,8
1,NA,NA,4,3
1,NA,NA,NA,NA
1,7,6,5,4
1,NA,NA,4,3
1,NA,NA,NA,NA
1,NA,NA,NA,NA
1,NA,NA,NA,NA
1,NA,NA,7,6
1,NA,NA,NA,NA
1,NA,NA,NA,NA
1,NA,NA,NA,NA
1,NA,NA,NA,NA
1,NA,NA,NA,NA
1,NA,NA,NA,NA
1,NA,NA,NA,NA
1,NA,NA,3,2
1,NA,NA,NA,NA
1,NA,NA,NA,NA
1,NA,NA,NA,NA
1,NA,NA,NA,NA
1,NA,NA,NA,NA
1,NA,NA,NA,NA
1,NA,NA,NA,NA
1,NA,NA,NA,NA
1,NA,NA,NA,NA
1,NA,NA,NA,NA
1,NA,NA,NA,NA
1,NA,NA,NA,NA
1,NA,NA,NA,NA
1,NA,NA,NA,NA
1,NA,NA,NA,NA
1,NA,NA,NA,NA
1,NA,NA,NA,NA
1,NA,NA,NA,NA
2,NA,NA,NA,NA
2,NA,NA,9,7
2,NA,NA,NA,NA
2,NA,NA,6,4
2,NA,NA,NA,NA
2,NA,NA,NA,NA
2,8,6,4,2
2,NA,NA,NA,NA
2,NA,NA,NA,NA
2,9,7,5,3
2,NA,NA,7,5
2,9,7,5,3
2,NA,NA,NA,NA
2,NA,NA,6,4
2,NA,NA,7,5
2,NA,NA,NA,NA
2,NA,NA,5,3
2,11,9,6,4
2,NA,NA,NA,NA
2,NA,NA,5,3
2,NA,NA,NA,NA
2,NA,NA,NA,NA
2,NA,NA,NA,NA
2,NA,NA,NA,NA
2,NA,NA,8,6
2,NA,NA,5,3
2,NA,NA,5,3
2,NA,NA,NA,NA
2,8,6,6,4
2,NA,NA,NA,NA
2,NA,NA,NA,NA
2,NA,NA,NA,NA
2,NA,NA,NA,NA
2,NA,NA,NA,NA
2,NA,NA,NA,NA
2,NA,NA,NA,NA
2,NA,NA,7,5
2,NA,NA,NA,NA
2,NA,NA,NA,NA
2,NA,NA,5,3
2,NA,NA,5,3
2,NA,NA,6,4
2,NA,NA,NA,NA
2,NA,NA,NA,NA
2,NA,NA,NA,NA
2,NA,NA,NA,NA
2,NA,NA,NA,NA
2,NA,NA,NA,NA
2,12,10,5,3
2,NA,NA,NA,NA
2,NA,NA,NA,NA
2,7,5,5,3
2,NA,NA,NA,NA
2,NA,NA,5,3
2,NA,NA,5,3
2,NA,NA,6,4
2,NA,NA,5,3
2,NA,NA,4,2
2,NA,NA,6,4
2,NA,NA,4,2
2,10,8,5,3
2,NA,NA,NA,NA
2,NA,NA,NA,NA
2,NA,NA,NA,NA
2,NA,NA,8,6
2,NA,NA,5,3
2,NA,NA,5,3
2,NA,NA,NA,NA
2,NA,NA,NA,NA
2,9,7,5,3
2,NA,NA,9,7
2,NA,NA,NA,NA
2,NA,NA,NA,NA
2,NA,NA,NA,NA
2,NA,NA,10,8
2,NA,NA,NA,NA
2,NA,NA,NA,NA
2,NA,NA,6,4
2,NA,NA,NA,NA
2,10,8,5,3
2,NA,NA,NA,NA
2,NA,NA,NA,NA
2,10,8,5,3
2,NA,NA,NA,NA
2,NA,NA,NA,NA
2,NA,NA,5,3
2,NA,NA,NA,NA
2,NA,NA,5,3
2,NA,NA,NA,NA
2,NA,NA,6,4
2,NA,NA,NA,NA
2,NA,NA,NA,NA
2,NA,NA,4,2
2,NA,NA,NA,NA
2,19,17,6,4
2,NA,NA,NA,NA
2,NA,NA,NA,NA
2,NA,NA,NA,NA
2,NA,NA,NA,NA
2,NA,NA,NA,NA
2,NA,NA,NA,NA
2,NA,NA,NA,NA
2,NA,NA,NA,NA
2,NA,NA,5,3
2,NA,NA,6,4
2,NA,NA,5,3
2,NA,NA,7,5
2,NA,NA,NA,NA
2,9,7,5,3
2,8,6,5,3
2,NA,NA,NA,NA
2,NA,NA,NA,NA
2,8,6,6,4
2,NA,NA,NA,NA
2,NA,NA,NA,NA
2,NA,NA,NA,NA
2,NA,NA,NA,NA
2,NA,NA,NA,NA
2,NA,NA,7,5
2,NA,NA,NA,NA
2,NA,NA,NA,NA
2,NA,NA,NA,NA
2,NA,NA,NA,NA
2,NA,NA,8,6
2,NA,NA,NA,NA
2,NA,NA,6,4
2,NA,NA,NA,NA
2,NA,NA,NA,NA
2,NA,NA,NA,NA
2,NA,NA,NA,NA
2,NA,NA,NA,NA
2,NA,NA,NA,NA
2,NA,NA,NA,NA
2,NA,NA,NA,NA
2,NA,NA,NA,NA
2,NA,NA,NA,NA
2,NA,NA,NA,NA
2,NA,NA,NA,NA
2,NA,NA,NA,NA
2,NA,NA,5,3
2,NA,NA,5,3
2,NA,NA,NA,NA
2,NA,NA,NA,NA
2,9,7,5,3
2,15,13,7,5
2,NA,NA,NA,NA
2,12,10,5,3
2,NA,NA,NA,NA
2,9,7,6,4
2,NA,NA,NA,NA
2,NA,NA,5,3
2,NA,NA,11,9
2,NA,NA,8,6
2,NA,NA,NA,NA
2,8,6,5,3
2,NA,NA,NA,NA
2,NA,NA,NA,NA
2,NA,NA,NA,NA
2,NA,NA,4,2
2,NA,NA,5,3
2,NA,NA,NA,NA
2,NA,NA,NA,NA
2,10,8,5,3
2,NA,NA,5,3
2,NA,NA,5,3
2,NA,NA,NA,NA
2,NA,NA,NA,NA
2,NA,NA,NA,NA
2,NA,NA,NA,NA
2,NA,NA,NA,NA
2,NA,NA,NA,NA
2,NA,NA,NA,NA
2,NA,NA,5,3
2,NA,NA,NA,NA
2,NA,NA,NA,NA
2,8,6,5,3
2,NA,NA,NA,NA
2,NA,NA,NA,NA
2,8,6,5,3
2,NA,NA,5,3
2,NA,NA,5,3
2,9,7,5,3
2,NA,NA,6,4
2,NA,NA,NA,NA
2,NA,NA,NA,NA
2,NA,NA,NA,NA
2,NA,NA,NA,NA
2,NA,NA,NA,NA
2,NA,NA,5,3
2,NA,NA,7,5
2,8,6,5,3
2,NA,NA,NA,NA
2,NA,NA,5,3
2,NA,NA,NA,NA
2,NA,NA,5,3
3,NA,NA,9,6
3,NA,NA,6,3
3,NA,NA,NA,NA
3,NA,NA,8,5
3,18,15,6,3
3,NA,NA,NA,NA
3,NA,NA,6,3
3,NA,NA,6,3
3,8,5,6,3
3,NA,NA,NA,NA
3,NA,NA,NA,NA
3,NA,NA,NA,NA
3,NA,NA,NA,NA
3,10,7,6,3
3,NA,NA,NA,NA
3,NA,NA,NA,NA
3,NA,NA,11,8
3,NA,NA,6,3
3,NA,NA,7,4
3,NA,NA,NA,NA
3,10,7,6,3
3,NA,NA,NA,NA
3,15,12,5,2
3,NA,NA,5,2
3,NA,NA,NA,NA
3,NA,NA,8,5
3,8,5,6,3
3,NA,NA,7,4
3,NA,NA,NA,NA
3,NA,NA,NA,NA
3,NA,NA,NA,NA
3,NA,NA,NA,NA
3,9,6,5,2
3,9,6,6,3
3,NA,NA,NA,NA
3,NA,NA,NA,NA
3,11,8,6,3
3,NA,NA,9,6
3,NA,NA,NA,NA
3,NA,NA,NA,NA
3,9,6,5,2
3,NA,NA,NA,NA
3,NA,NA,NA,NA
3,NA,NA,NA,NA
3,NA,NA,NA,NA
3,NA,NA,NA,NA
3,NA,NA,NA,NA
3,NA,NA,NA,NA
3,NA,NA,NA,NA
3,NA,NA,NA,NA
3,NA,NA,NA,NA
3,NA,NA,5,2
3,NA,NA,NA,NA
3,NA,NA,8,5
3,NA,NA,NA,NA
3,NA,NA,NA,NA
3,NA,NA,5,2
3,NA,NA,NA,NA
3,NA,NA,NA,NA
3,NA,NA,NA,NA
3,NA,NA,NA,NA
3,NA,NA,NA,NA
3,8,5,5,2
3,10,7,7,4
3,NA,NA,5,2
3,NA,NA,NA,NA
3,NA,NA,NA,NA
3,NA,NA,NA,NA
3,NA,NA,6,3
3,NA,NA,6,3
3,19,16,5,2
3,NA,NA,9,6
3,NA,NA,9,6
3,NA,NA,8,5
3,NA,NA,NA,NA
3,NA,NA,10,7
3,NA,NA,NA,NA
3,NA,NA,13,10
3,NA,NA,NA,NA
3,NA,NA,NA,NA
3,NA,NA,6,3
3,NA,NA,NA,NA
3,NA,NA,NA,NA
3,NA,NA,NA,NA
3,NA,NA,NA,NA
3,9,6,7,4
3,NA,NA,6,3
3,NA,NA,6,3
3,NA,NA,NA,NA
3,NA,NA,NA,NA
3,NA,NA,NA,NA
3,NA,NA,6,3
3,NA,NA,5,2
3,NA,NA,NA,NA
3,NA,NA,NA,NA
3,NA,NA,8,5
3,NA,NA,9,6
3,NA,NA,NA,NA
3,9,6,6,3
3,NA,NA,6,3
3,NA,NA,7,4
3,NA,NA,5,2
3,11,8,6,3
3,10,7,5,2
3,NA,NA,NA,NA
3,NA,NA,9,6
3,NA,NA,8,5
3,NA,NA,NA,NA
3,NA,NA,5,2
3,NA,NA,NA,NA
3,NA,NA,NA,NA
3,NA,NA,NA,NA
3,NA,NA,6,3
3,9,6,6,3
3,NA,NA,6,3
3,NA,NA,7,4
3,NA,NA,NA,NA
3,NA,NA,5,2
3,NA,NA,5,2
3,NA,NA,8,5
3,NA,NA,NA,NA
3,NA,NA,NA,NA
3,11,8,6,3
3,NA,NA,NA,NA
3,NA,NA,8,5
3,NA,NA,NA,NA
3,NA,NA,NA,NA
3,NA,NA,8,5
3,10,7,6,3
3,NA,NA,7,4
3,NA,NA,NA,NA
3,NA,NA,NA,NA
3,NA,NA,NA,NA
3,NA,NA,9,6
3,NA,NA,6,3
3,NA,NA,NA,NA
3,NA,NA,NA,NA
3,NA,NA,NA,NA
3,NA,NA,6,3
3,NA,NA,NA,NA
3,NA,NA,NA,NA
3,NA,NA,NA,NA
3,NA,NA,NA,NA
3,NA,NA,NA,NA
3,NA,NA,NA,NA
3,NA,NA,NA,NA
3,NA,NA,NA,NA
3,NA,NA,NA,NA
3,NA,NA,NA,NA
3,NA,NA,NA,NA
3,NA,NA,NA,NA
3,NA,NA,5,2
3,NA,NA,NA,NA
3,NA,NA,NA,NA
3,NA,NA,NA,NA
3,NA,NA,NA,NA
3,NA,NA,7,4
3,NA,NA,NA,NA
3,NA,NA,6,3
3,NA,NA,NA,NA
3,8,5,5,2
3,NA,NA,8,5
3,NA,NA,NA,NA
3,NA,NA,NA,NA
3,NA,NA,NA,NA
3,NA,NA,NA,NA
3,NA,NA,NA,NA
3,8,5,6,3
3,NA,NA,6,3
3,NA,NA,NA,NA
3,NA,NA,7,4
3,NA,NA,NA,NA
3,NA,NA,NA,NA
3,NA,NA,NA,NA
3,NA,NA,9,6
3,NA,NA,NA,NA
3,NA,NA,6,3
3,NA,NA,NA,NA
3,8,5,5,2
3,NA,NA,5,2
3,NA,NA,6,3
3,NA,NA,NA,NA
3,NA,NA,NA,NA
3,NA,NA,NA,NA
3,NA,NA,NA,NA
3,NA,NA,NA,NA
3,NA,NA,NA,NA
3,NA,NA,NA,NA
3,NA,NA,9,6
3,NA,NA,NA,NA
3,NA,NA,7,4
3,9,6,6,3
3,NA,NA,NA,NA
3,NA,NA,NA,NA
3,9,6,5,2
3,14,11,6,3
3,NA,NA,NA,NA
3,NA,NA,NA,NA
3,NA,NA,NA,NA
3,NA,NA,NA,NA
3,NA,NA,NA,NA
3,NA,NA,5,2
3,NA,NA,NA,NA
3,NA,NA,NA,NA
3,NA,NA,NA,NA
3,10,7,6,3
3,NA,NA,6,3
3,NA,NA,NA,NA
3,NA,NA,9,6
3,NA,NA,NA,NA
3,NA,NA,NA,NA
3,NA,NA,NA,NA
3,NA,NA,6,3
3,NA,NA,NA,NA
3,NA,NA,6,3
3,NA,NA,5,2
3,13,10,5,2
3,NA,NA,NA,NA
3,NA,NA,6,3
3,NA,NA,6,3
3,NA,NA,NA,NA
3,8,5,6,3
3,NA,NA,8,5
3,10,7,6,3
3,10,7,5,2
3,NA,NA,NA,NA
3,NA,NA,NA,NA
3,NA,NA,NA,NA
3,NA,NA,NA,NA
3,NA,NA,NA,NA
3,NA,NA,NA,NA
3,10,7,7,4
3,NA,NA,NA,NA
3,NA,NA,NA,NA
3,NA,NA,NA,NA
3,NA,NA,NA,NA
3,NA,NA,NA,NA
3,NA,NA,NA,NA
3,NA,NA,NA,NA
3,NA,NA,NA,NA
3,NA,NA,NA,NA
3,NA,NA,6,3
3,NA,NA,6,3
3,12,9,8,5
3,NA,NA,NA,NA
3,NA,NA,9,6
3,NA,NA,NA,NA
3,NA,NA,6,3
3,NA,NA,NA,NA
3,NA,NA,NA,NA
3,NA,NA,9,6
3,NA,NA,NA,NA
3,NA,NA,NA,NA
3,NA,NA,NA,NA
3,NA,NA,NA,NA
3,NA,NA,NA,NA
3,11,8,6,3
3,NA,NA,NA,NA
3,10,7,6,3
3,NA,NA,5,2
3,NA,NA,NA,NA
3,NA,NA,NA,NA
3,NA,NA,NA,NA
3,NA,NA,6,3
3,NA,NA,NA,NA
3,10,7,5,2
3,NA,NA,5,2
3,NA,NA,6,3
3,NA,NA,NA,NA
3,NA,NA,9,6
3,NA,NA,6,3
3,NA,NA,8,5
3,NA,NA,NA,NA
3,NA,NA,NA,NA
3,NA,NA,8,5
3,NA,NA,NA,NA
3,NA,NA,5,2
3,NA,NA,NA,NA
3,NA,NA,NA,NA
3,NA,NA,8,5
3,NA,NA,NA,NA
3,NA,NA,NA,NA
3,NA,NA,NA,NA
3,NA,NA,NA,NA
3,11,8,6,3
3,NA,NA,NA,NA
4,NA,NA,7,3
4,NA,NA,6,2
4,NA,NA,9,5
4,NA,NA,7,3
4,NA,NA,NA,NA
4,NA,NA,NA,NA
4,15,11,7,3
4,10,6,7,3
4,NA,NA,7,3
4,13,9,6,2
4,NA,NA,NA,NA
4,NA,NA,NA,NA
4,NA,NA,NA,NA
4,NA,NA,NA,NA
4,NA,NA,NA,NA
4,NA,NA,NA,NA
4,NA,NA,9,5
4,NA,NA,7,3
4,NA,NA,7,3
4,NA,NA,NA,NA
4,NA,NA,6,2
4,NA,NA,6,2
4,NA,NA,NA,NA
4,NA,NA,NA,NA
4,NA,NA,NA,NA
4,NA,NA,NA,NA
4,NA,NA,6,2
4,NA,NA,NA,NA
4,NA,NA,7,3
4,NA,NA,10,6
4,NA,NA,7,3
4,11,7,7,3
4,9,5,7,3
4,NA,NA,NA,NA
4,NA,NA,NA,NA
4,NA,NA,NA,NA
4,NA,NA,NA,NA
4,NA,NA,NA,NA
4,NA,NA,NA,NA
4,10,6,7,3
4,NA,NA,NA,NA
4,NA,NA,NA,NA
4,NA,NA,NA,NA
4,NA,NA,NA,NA
4,NA,NA,NA,NA
4,NA,NA,NA,NA
4,NA,NA,NA,NA
4,NA,NA,NA,NA
4,NA,NA,6,2
4,NA,NA,6,2
4,NA,NA,6,2
4,NA,NA,NA,NA
4,NA,NA,NA,NA
4,NA,NA,9,5
4,NA,NA,NA,NA
4,NA,NA,NA,NA
4,17,13,7,3
4,NA,NA,NA,NA
4,NA,NA,NA,NA
4,NA,NA,NA,NA
4,NA,NA,10,6
4,20,16,7,3
4,NA,NA,7,3
4,10,6,6,2
4,10,6,7,3
4,15,11,7,3
4,NA,NA,NA,NA
4,17,13,7,3
4,NA,NA,NA,NA
4,NA,NA,NA,NA
4,NA,NA,NA,NA
4,NA,NA,NA,NA
4,NA,NA,NA,NA
4,NA,NA,NA,NA
4,NA,NA,NA,NA
4,NA,NA,8,4
4,10,6,7,3
4,17,13,7,3
4,19,15,9,5
4,NA,NA,7,3
4,NA,NA,7,3
4,NA,NA,NA,NA
4,NA,NA,9,5
4,NA,NA,NA,NA
4,NA,NA,NA,NA
4,19,15,7,3
4,NA,NA,NA,NA
4,11,7,8,4
4,NA,NA,NA,NA
4,NA,NA,NA,NA
4,NA,NA,NA,NA
4,NA,NA,NA,NA
4,NA,NA,NA,NA
4,NA,NA,NA,NA
4,10,6,8,4
4,NA,NA,6,2
4,NA,NA,NA,NA
4,NA,NA,9,5
4,NA,NA,8,4
4,NA,NA,NA,NA
4,NA,NA,7,3
4,NA,NA,NA,NA
4,NA,NA,9,5
4,13,9,7,3
4,NA,NA,NA,NA
4,NA,NA,NA,NA
4,NA,NA,NA,NA
4,NA,NA,NA,NA
4,NA,NA,8,4
4,NA,NA,NA,NA
4,NA,NA,NA,NA
4,NA,NA,NA,NA
4,NA,NA,7,3
4,NA,NA,NA,NA
4,NA,NA,NA,NA
4,NA,NA,9,5
4,NA,NA,NA,NA
4,NA,NA,NA,NA
4,NA,NA,NA,NA
4,NA,NA,6,2
4,NA,NA,NA,NA
4,NA,NA,8,4
4,NA,NA,NA,NA
4,NA,NA,NA,NA
4,NA,NA,NA,NA
4,NA,NA,NA,NA
4,NA,NA,NA,NA
4,10,6,6,2
4,NA,NA,NA,NA
4,NA,NA,6,2
4,NA,NA,10,6
4,8,4,6,2
4,NA,NA,NA,NA
4,11,7,6,2
4,NA,NA,NA,NA
4,NA,NA,NA,NA
4,NA,NA,NA,NA
4,NA,NA,NA,NA
4,NA,NA,NA,NA
4,NA,NA,NA,NA
4,NA,NA,NA,NA
4,NA,NA,NA,NA
4,NA,NA,NA,NA
4,NA,NA,NA,NA
4,10,6,7,3
4,NA,NA,NA,NA
4,NA,NA,NA,NA
4,NA,NA,7,3
4,11,7,7,3
4,NA,NA,NA,NA
4,NA,NA,NA,NA
4,NA,NA,NA,NA
4,NA,NA,NA,NA
4,NA,NA,7,3
4,NA,NA,6,2
4,NA,NA,NA,NA
4,NA,NA,NA,NA
4,NA,NA,NA,NA
4,NA,NA,NA,NA
4,11,7,8,4
4,10,6,6,2
4,NA,NA,NA,NA
4,NA,NA,NA,NA
4,NA,NA,NA,NA
4,23,19,6,2
4,NA,NA,8,4
4,NA,NA,NA,NA
4,NA,NA,NA,NA
4,NA,NA,NA,NA
4,NA,NA,NA,NA
4,NA,NA,NA,NA
4,NA,NA,NA,NA
4,NA,NA,NA,NA
4,NA,NA,NA,NA
4,10,6,8,4
4,NA,NA,NA,NA
4,15,11,7,3
4,NA,NA,NA,NA
4,NA,NA,NA,NA
4,NA,NA,8,4
4,NA,NA,NA,NA
4,NA,NA,NA,NA
4,NA,NA,NA,NA
4,NA,NA,NA,NA
4,NA,NA,8,4
4,10,6,7,3
4,NA,NA,NA,NA
4,NA,NA,7,3
4,11,7,6,2
4,NA,NA,NA,NA
4,NA,NA,NA,NA
4,NA,NA,6,2
4,10,6,6,2
4,NA,NA,NA,NA
4,NA,NA,NA,NA
4,NA,NA,NA,NA
4,15,11,7,3
5,NA,NA,7,2
5,NA,NA,8,3
5,NA,NA,NA,NA
5,NA,NA,NA,NA
5,NA,NA,NA,NA
5,NA,NA,8,3
5,NA,NA,8,3
5,13,8,9,4
5,14,9,8,3
5,NA,NA,9,4
5,NA,NA,NA,NA
5,NA,NA,NA,NA
5,14,9,9,4
5,NA,NA,11,6
5,16,11,8,3
5,11,6,8,3
5,NA,NA,8,3
5,NA,NA,7,2
5,NA,NA,NA,NA
5,NA,NA,9,4
5,NA,NA,NA,NA
5,NA,NA,NA,NA
5,NA,NA,8,3
5,NA,NA,7,2
5,NA,NA,7,2
5,NA,NA,NA,NA
5,NA,NA,7,2
5,NA,NA,9,4
5,NA,NA,9,4
5,NA,NA,NA,NA
5,NA,NA,NA,NA
5,NA,NA,NA,NA
5,NA,NA,NA,NA
5,NA,NA,9,4
5,NA,NA,8,3
5,NA,NA,8,3
5,NA,NA,9,4
5,NA,NA,7,2
5,NA,NA,9,4
5,NA,NA,NA,NA
5,NA,NA,9,4
5,NA,NA,9,4
5,11,6,9,4
5,NA,NA,NA,NA
5,NA,NA,NA,NA
5,NA,NA,8,3
5,NA,NA,9,4
5,NA,NA,7,2
5,NA,NA,8,3
5,NA,NA,10,5
5,15,10,7,2
5,NA,NA,NA,NA
5,NA,NA,NA,NA
5,NA,NA,9,4
5,NA,NA,NA,NA
5,NA,NA,NA,NA
5,NA,NA,NA,NA
5,NA,NA,NA,NA
5,NA,NA,NA,NA
5,NA,NA,8,3
5,NA,NA,7,2
5,NA,NA,NA,NA
5,NA,NA,NA,NA
5,13,8,7,2
5,14,9,7,2
5,NA,NA,8,3
5,21,16,9,4
5,NA,NA,NA,NA
5,NA,NA,7,2
5,NA,NA,8,3
5,NA,NA,8,3
5,NA,NA,12,7
5,NA,NA,7,2
5,10,5,8,3
5,NA,NA,7,2
5,NA,NA,9,4
5,NA,NA,8,3
5,25,20,8,3
5,NA,NA,9,4
5,NA,NA,NA,NA
5,11,6,9,4
5,14,9,8,3
5,NA,NA,8,3
5,14,9,8,3
5,NA,NA,NA,NA
5,NA,NA,9,4
5,NA,NA,NA,NA
5,NA,NA,NA,NA
5,NA,NA,9,4
5,NA,NA,NA,NA
5,NA,NA,9,4
5,NA,NA,NA,NA
5,NA,NA,NA,NA
5,NA,NA,NA,NA
5,NA,NA,NA,NA
5,NA,NA,8,3
5,NA,NA,NA,NA
5,NA,NA,NA,NA
5,10,5,8,3
5,NA,NA,8,3
5,NA,NA,9,4
5,NA,NA,NA,NA
5,NA,NA,7,2
5,NA,NA,NA,NA
5,NA,NA,NA,NA
5,NA,NA,NA,NA
5,15,10,7,2
5,NA,NA,NA,NA
5,NA,NA,9,4
5,NA,NA,NA,NA
5,13,8,8,3
5,10,5,7,2
5,NA,NA,9,4
5,NA,NA,NA,NA
5,NA,NA,8,3
5,NA,NA,NA,NA
5,NA,NA,NA,NA
5,NA,NA,NA,NA
5,NA,NA,NA,NA
5,NA,NA,9,4
5,NA,NA,7,2
5,10,5,7,2
5,NA,NA,8,3
5,NA,NA,9,4
5,NA,NA,9,4
5,NA,NA,NA,NA
5,NA,NA,NA,NA
5,NA,NA,NA,NA
5,NA,NA,NA,NA
5,NA,NA,NA,NA
5,NA,NA,NA,NA
9,NA,NA,NA,NA
5,NA,NA,8,3
5,NA,NA,NA,NA
5,NA,NA,7,2
5,NA,NA,NA,NA
5,12,7,7,2
5,NA,NA,7,2
5,NA,NA,10,5
5,NA,NA,9,4
5,NA,NA,NA,NA
5,NA,NA,NA,NA
5,NA,NA,NA,NA
5,NA,NA,NA,NA
5,NA,NA,9,4
5,10,5,7,2
5,NA,NA,9,4
5,NA,NA,NA,NA
5,NA,NA,NA,NA
5,NA,NA,NA,NA
5,11,6,8,3
5,NA,NA,NA,NA
5,15,10,8,3
5,NA,NA,NA,NA
5,NA,NA,8,3
5,NA,NA,NA,NA
5,NA,NA,NA,NA
5,NA,NA,9,4
5,NA,NA,9,4
5,NA,NA,NA,NA
5,NA,NA,NA,NA
5,NA,NA,NA,NA
11,NA,NA,NA,NA
11,16,5,15,4
11,16,5,15,4
11,NA,NA,NA,NA
11,NA,NA,NA,NA
11,NA,NA,NA,NA
11,NA,NA,NA,NA
11,NA,NA,NA,NA
11,NA,NA,NA,NA
11,NA,NA,NA,NA
11,NA,NA,NA,NA
11,NA,NA,NA,NA
11,NA,NA,NA,NA
11,NA,NA,NA,NA
11,NA,NA,NA,NA
11,NA,NA,NA,NA
11,NA,NA,14,3
11,NA,NA,NA,NA
11,NA,NA,NA,NA
11,NA,NA,NA,NA
11,20,9,15,4
11,16,5,15,4
11,16,5,15,4
11,NA,NA,NA,NA
11,NA,NA,NA,NA
11,NA,NA,NA,NA
11,NA,NA,NA,NA
11,NA,NA,NA,NA
11,NA,NA,NA,NA
11,NA,NA,NA,NA
11,NA,NA,NA,NA
11,NA,NA,NA,NA
11,NA,NA,NA,NA
11,NA,NA,NA,NA
11,NA,NA,NA,NA
11,NA,NA,NA,NA
11,NA,NA,NA,NA
11,NA,NA,NA,NA
11,NA,NA,NA,NA
11,NA,NA,NA,NA
11,NA,NA,NA,NA
11,NA,NA,NA,NA
11,NA,NA,NA,NA
11,NA,NA,NA,NA
11,18,7,14,3
11,NA,NA,NA,NA
11,NA,NA,NA,NA
11,NA,NA,NA,NA
11,16,5,15,4
11,NA,NA,NA,NA
11,NA,NA,NA,NA
11,NA,NA,NA,NA
11,NA,NA,NA,NA
11,NA,NA,NA,NA
11,NA,NA,NA,NA
11,NA,NA,NA,NA
11,NA,NA,14,3
11,NA,NA,NA,NA
11,NA,NA,NA,NA
11,17,6,15,4
11,NA,NA,16,5
11,NA,NA,NA,NA
11,NA,NA,NA,NA
11,NA,NA,NA,NA
11,NA,NA,NA,NA
11,23,12,16,5
11,NA,NA,NA,NA
11,16,5,14,3
11,NA,NA,NA,NA
11,NA,NA,NA,NA
11,NA,NA,NA,NA
11,NA,NA,NA,NA
11,NA,NA,NA,NA
11,NA,NA,NA,NA
11,NA,NA,NA,NA
11,NA,NA,NA,NA
11,16,5,13,2
11,NA,NA,NA,NA
11,NA,NA,NA,NA
11,NA,NA,NA,NA
11,NA,NA,NA,NA
11,NA,NA,NA,NA
11,NA,NA,NA,NA
11,NA,NA,NA,NA
11,18,7,15,4
11,NA,NA,NA,NA
11,NA,NA,NA,NA
11,NA,NA,NA,NA
11,NA,NA,NA,NA
11,NA,NA,NA,NA
11,NA,NA,NA,NA
11,NA,NA,NA,NA
11,NA,NA,15,4
11,NA,NA,NA,NA
11,NA,NA,NA,NA
11,NA,NA,NA,NA
11,19,8,13,2
11,16,5,14,3
11,17,6,15,4
11,NA,NA,NA,NA
11,NA,NA,NA,NA
11,NA,NA,NA,NA
11,NA,NA,NA,NA
11,NA,NA,NA,NA
11,NA,NA,NA,NA
11,18,7,15,4
11,NA,NA,NA,NA
11,NA,NA,NA,NA
11,NA,NA,NA,NA
11,NA,NA,NA,NA
11,NA,NA,NA,NA
11,NA,NA,NA,NA
11,21,10,19,8
11,19,8,15,4
11,NA,NA,NA,NA
11,NA,NA,NA,NA
11,NA,NA,NA,NA
11,NA,NA,NA,NA
11,NA,NA,NA,NA
11,NA,NA,NA,NA
11,16,5,15,4
11,NA,NA,NA,NA
11,NA,NA,NA,NA
11,NA,NA,NA,NA
11,NA,NA,NA,NA
11,NA,NA,NA,NA
11,NA,NA,NA,NA
11,NA,NA,NA,NA
11,NA,NA,NA,NA
11,NA,NA,NA,NA
11,NA,NA,NA,NA
11,NA,NA,NA,NA
11,16,5,15,4
11,NA,NA,NA,NA
11,16,5,15,4
11,17,6,15,4
11,NA,NA,NA,NA
11,NA,NA,NA,NA
11,NA,NA,NA,NA
11,NA,NA,NA,NA
11,16,5,15,4
11,NA,NA,NA,NA
11,NA,NA,NA,NA
11,NA,NA,NA,NA
11,NA,NA,NA,NA
11,NA,NA,NA,NA
11,NA,NA,NA,NA
11,NA,NA,NA,NA
11,NA,NA,NA,NA
11,NA,NA,NA,NA
11,NA,NA,NA,NA
11,NA,NA,NA,NA
11,NA,NA,NA,NA
11,NA,NA,NA,NA
11,NA,NA,14,3
11,NA,NA,15,4
11,NA,NA,NA,NA
11,NA,NA,NA,NA
11,NA,NA,NA,NA
11,NA,NA,NA,NA
11,NA,NA,NA,NA
11,NA,NA,15,4
11,NA,NA,NA,NA
11,NA,NA,NA,NA
11,20,9,15,4
11,NA,NA,NA,NA
11,NA,NA,NA,NA
11,NA,NA,NA,NA
11,NA,NA,NA,NA
11,NA,NA,NA,NA
11,NA,NA,NA,NA
11,NA,NA,NA,NA
11,NA,NA,NA,NA
11,NA,NA,NA,NA
11,NA,NA,NA,NA
11,NA,NA,NA,NA
11,NA,NA,NA,NA
11,NA,NA,NA,NA
11,NA,NA,NA,NA
11,16,5,15,4
11,NA,NA,NA,NA
11,NA,NA,NA,NA
11,NA,NA,NA,NA
11,17,6,16,5
11,NA,NA,14,3
11,NA,NA,NA,NA
11,NA,NA,NA,NA
11,NA,NA,NA,NA
11,NA,NA,15,4
11,NA,NA,NA,NA
11,NA,NA,15,4
11,16,5,15,4
11,NA,NA,NA,NA
11,NA,NA,NA,NA
11,16,5,15,4
11,NA,NA,NA,NA
11,NA,NA,NA,NA
11,NA,NA,NA,NA
11,NA,NA,NA,NA
11,NA,NA,NA,NA
11,NA,NA,NA,NA
11,NA,NA,NA,NA
11,NA,NA,NA,NA
11,NA,NA,NA,NA
11,NA,NA,NA,NA
11,NA,NA,15,4
11,NA,NA,NA,NA
11,NA,NA,NA,NA
11,NA,NA,NA,NA
11,NA,NA,NA,NA
11,NA,NA,NA,NA
11,NA,NA,NA,NA
11,19,8,15,4
11,NA,NA,NA,NA
11,18,7,15,4
11,NA,NA,NA,NA
11,NA,NA,NA,NA
11,NA,NA,NA,NA
11,NA,NA,NA,NA
11,NA,NA,NA,NA
11,NA,NA,NA,NA
11,NA,NA,NA,NA
11,NA,NA,NA,NA
11,NA,NA,NA,NA
11,NA,NA,NA,NA
11,NA,NA,NA,NA
11,NA,NA,NA,NA
11,NA,NA,14,3
11,NA,NA,NA,NA
11,NA,NA,NA,NA
11,NA,NA,NA,NA
11,NA,NA,NA,NA
11,NA,NA,NA,NA
11,NA,NA,NA,NA
11,NA,NA,NA,NA
12,NA,NA,NA,NA
12,NA,NA,NA,NA
12,NA,NA,NA,NA
12,NA,NA,NA,NA
12,NA,NA,NA,NA
12,NA,NA,NA,NA
12,19,7,15,3
12,NA,NA,NA,NA
12,NA,NA,NA,NA
12,NA,NA,NA,NA
12,NA,NA,15,3
12,NA,NA,NA,NA
12,NA,NA,NA,NA
12,NA,NA,NA,NA
12,NA,NA,NA,NA
12,NA,NA,17,5
12,NA,NA,NA,NA
12,NA,NA,NA,NA
12,NA,NA,NA,NA
12,NA,NA,NA,NA
12,NA,NA,NA,NA
12,NA,NA,NA,NA
12,NA,NA,NA,NA
12,NA,NA,NA,NA
12,NA,NA,NA,NA
12,NA,NA,NA,NA
12,NA,NA,NA,NA
12,NA,NA,NA,NA
12,NA,NA,NA,NA
12,21,9,15,3
12,NA,NA,NA,NA
12,NA,NA,NA,NA
12,NA,NA,NA,NA
12,NA,NA,NA,NA
12,NA,NA,NA,NA
12,NA,NA,NA,NA
12,NA,NA,15,3
12,NA,NA,NA,NA
12,NA,NA,NA,NA
12,NA,NA,NA,NA
12,NA,NA,NA,NA
12,NA,NA,NA,NA
12,NA,NA,NA,NA
12,NA,NA,NA,NA
12,NA,NA,NA,NA
12,17,5,15,3
12,18,6,16,4
12,NA,NA,NA,NA
12,NA,NA,NA,NA
12,NA,NA,NA,NA
12,NA,NA,NA,NA
12,NA,NA,NA,NA
12,NA,NA,NA,NA
12,NA,NA,NA,NA
12,NA,NA,NA,NA
12,NA,NA,NA,NA
12,NA,NA,15,3
12,18,6,15,3
12,NA,NA,NA,NA
12,NA,NA,NA,NA
12,NA,NA,NA,NA
12,NA,NA,17,5
12,NA,NA,NA,NA
12,NA,NA,NA,NA
12,21,9,15,3
12,NA,NA,15,3
12,NA,NA,NA,NA
12,NA,NA,15,3
12,18,6,15,3
12,NA,NA,15,3
12,NA,NA,NA,NA
12,NA,NA,NA,NA
12,NA,NA,NA,NA
12,NA,NA,NA,NA
12,NA,NA,NA,NA
12,NA,NA,NA,NA
12,NA,NA,NA,NA
12,NA,NA,NA,NA
12,19,7,15,3
12,NA,NA,16,4
12,NA,NA,NA,NA
12,NA,NA,NA,NA
12,NA,NA,NA,NA
12,NA,NA,NA,NA
12,NA,NA,NA,NA
12,NA,NA,NA,NA
12,NA,NA,NA,NA
12,NA,NA,15,3
12,19,7,16,4
12,NA,NA,15,3
12,16,4,15,3
12,NA,NA,NA,NA
12,NA,NA,NA,NA
12,20,8,15,3
12,NA,NA,NA,NA
12,19,7,15,3
12,NA,NA,NA,NA
12,17,5,15,3
12,NA,NA,NA,NA
12,17,5,15,3
12,NA,NA,NA,NA
12,NA,NA,NA,NA
12,NA,NA,NA,NA
12,NA,NA,NA,NA
12,21,9,16,4
12,NA,NA,NA,NA
12,NA,NA,15,3
12,NA,NA,NA,NA
12,NA,NA,NA,NA
12,NA,NA,15,3
12,NA,NA,NA,NA
12,16,4,15,3
12,NA,NA,NA,NA
12,NA,NA,15,3
12,19,7,15,3
12,NA,NA,NA,NA
12,NA,NA,NA,NA
12,NA,NA,NA,NA
12,NA,NA,NA,NA
12,NA,NA,NA,NA
12,NA,NA,NA,NA
12,16,4,15,3
12,NA,NA,NA,NA
12,NA,NA,NA,NA
12,NA,NA,NA,NA
12,16,4,14,2
12,NA,NA,NA,NA
12,NA,NA,NA,NA
12,NA,NA,NA,NA
12,NA,NA,15,3
12,NA,NA,NA,NA
12,NA,NA,NA,NA
12,17,5,15,3
12,NA,NA,NA,NA
12,NA,NA,NA,NA
12,NA,NA,15,3
12,NA,NA,NA,NA
12,NA,NA,NA,NA
12,NA,NA,NA,NA
12,NA,NA,NA,NA
12,17,5,15,3
12,NA,NA,NA,NA
12,NA,NA,NA,NA
12,NA,NA,NA,NA
12,17,5,15,3
12,NA,NA,NA,NA
12,NA,NA,NA,NA
12,NA,NA,NA,NA
12,NA,NA,NA,NA
12,NA,NA,NA,NA
12,NA,NA,NA,NA
12,NA,NA,15,3
12,19,7,15,3
12,NA,NA,NA,NA
12,NA,NA,NA,NA
12,17,5,15,3
12,NA,NA,NA,NA
12,NA,NA,NA,NA
12,19,7,14,2
12,NA,NA,NA,NA
12,NA,NA,NA,NA
12,NA,NA,NA,NA
12,NA,NA,NA,NA
12,NA,NA,NA,NA
12,18,6,15,3
12,NA,NA,NA,NA
12,NA,NA,NA,NA
12,NA,NA,NA,NA
12,NA,NA,NA,NA
12,NA,NA,15,3
12,NA,NA,NA,NA
12,NA,NA,NA,NA
12,NA,NA,NA,NA
12,NA,NA,NA,NA
12,NA,NA,NA,NA
12,NA,NA,NA,NA
12,NA,NA,NA,NA
12,NA,NA,NA,NA
12,NA,NA,NA,NA
12,NA,NA,NA,NA
12,NA,NA,NA,NA
12,NA,NA,NA,NA
12,NA,NA,NA,NA
12,NA,NA,15,3
12,NA,NA,15,3
12,19,7,15,3
12,NA,NA,NA,NA
12,NA,NA,NA,NA
12,NA,NA,NA,NA
12,NA,NA,16,4
12,NA,NA,NA,NA
12,NA,NA,NA,NA
12,NA,NA,NA,NA
12,16,4,15,3
12,NA,NA,15,3
12,NA,NA,NA,NA
12,19,7,15,3
12,NA,NA,NA,NA
12,NA,NA,NA,NA
12,NA,NA,NA,NA
12,19,7,15,3
12,NA,NA,NA,NA
12,NA,NA,NA,NA
12,19,7,15,3
12,NA,NA,NA,NA
12,NA,NA,14,2
12,NA,NA,NA,NA
12,NA,NA,NA,NA
12,NA,NA,15,3
12,NA,NA,NA,NA
12,NA,NA,NA,NA
12,NA,NA,NA,NA
12,NA,NA,NA,NA
12,NA,NA,NA,NA
12,NA,NA,NA,NA
12,NA,NA,NA,NA
12,NA,NA,NA,NA
12,NA,NA,NA,NA
12,16,4,15,3
12,NA,NA,NA,NA
12,NA,NA,NA,NA
12,NA,NA,NA,NA
13,NA,NA,16,3
13,NA,NA,NA,NA
13,NA,NA,NA,NA
13,21,8,16,3
13,NA,NA,16,3
13,NA,NA,NA,NA
13,19,6,16,3
13,19,6,16,3
13,NA,NA,NA,NA
13,NA,NA,17,4
13,19,6,15,2
13,NA,NA,15,2
13,NA,NA,NA,NA
13,19,6,16,3
13,19,6,17,4
13,NA,NA,NA,NA
13,NA,NA,NA,NA
13,NA,NA,NA,NA
13,NA,NA,NA,NA
13,NA,NA,16,3
13,NA,NA,NA,NA
13,NA,NA,NA,NA
13,NA,NA,NA,NA
13,NA,NA,NA,NA
13,NA,NA,16,3
13,NA,NA,NA,NA
13,NA,NA,NA,NA
13,NA,NA,16,3
13,19,6,16,3
13,19,6,16,3
13,NA,NA,20,7
13,NA,NA,NA,NA
13,NA,NA,NA,NA
13,NA,NA,NA,NA
13,NA,NA,NA,NA
13,NA,NA,17,4
13,NA,NA,NA,NA
13,NA,NA,NA,NA
13,17,4,16,3
13,NA,NA,NA,NA
13,NA,NA,NA,NA
13,NA,NA,NA,NA
13,NA,NA,NA,NA
13,NA,NA,17,4
13,NA,NA,NA,NA
13,NA,NA,NA,NA
13,19,6,17,4
13,NA,NA,NA,NA
13,NA,NA,NA,NA
13,NA,NA,NA,NA
13,NA,NA,NA,NA
13,NA,NA,16,3
13,NA,NA,17,4
13,NA,NA,NA,NA
13,NA,NA,NA,NA
13,NA,NA,NA,NA
13,NA,NA,NA,NA
13,NA,NA,NA,NA
13,NA,NA,NA,NA
13,NA,NA,NA,NA
13,NA,NA,NA,NA
13,NA,NA,NA,NA
13,NA,NA,19,6
13,19,6,16,3
13,NA,NA,16,3
13,NA,NA,16,3
13,19,6,16,3
13,19,6,16,3
13,22,9,16,3
13,18,5,15,2
13,NA,NA,NA,NA
13,NA,NA,NA,NA
13,NA,NA,NA,NA
13,NA,NA,NA,NA
13,NA,NA,16,3
13,NA,NA,16,3
13,NA,NA,16,3
13,NA,NA,NA,NA
13,NA,NA,NA,NA
13,NA,NA,NA,NA
13,NA,NA,NA,NA
13,NA,NA,16,3
13,NA,NA,NA,NA
13,NA,NA,NA,NA
13,NA,NA,NA,NA
13,NA,NA,15,2
13,NA,NA,NA,NA
13,NA,NA,20,7
13,NA,NA,NA,NA
13,NA,NA,17,4
13,NA,NA,16,3
13,NA,NA,NA,NA
13,19,6,17,4
13,NA,NA,NA,NA
13,NA,NA,NA,NA
13,19,6,16,3
13,NA,NA,NA,NA
13,NA,NA,NA,NA
13,NA,NA,NA,NA
13,NA,NA,NA,NA
13,19,6,17,4
13,NA,NA,NA,NA
13,NA,NA,NA,NA
13,21,8,17,4
13,NA,NA,15,2
13,NA,NA,NA,NA
13,NA,NA,19,6
13,NA,NA,15,2
13,NA,NA,NA,NA
13,NA,NA,NA,NA
13,NA,NA,NA,NA
13,NA,NA,15,2
13,NA,NA,15,2
13,NA,NA,NA,NA
13,NA,NA,NA,NA
13,18,5,16,3
13,NA,NA,NA,NA
13,NA,NA,NA,NA
13,NA,NA,NA,NA
13,NA,NA,NA,NA
13,NA,NA,NA,NA
13,NA,NA,NA,NA
13,NA,NA,NA,NA
13,19,6,16,3
13,NA,NA,NA,NA
13,NA,NA,NA,NA
13,NA,NA,NA,NA
13,NA,NA,17,4
13,NA,NA,NA,NA
13,NA,NA,NA,NA
13,NA,NA,NA,NA
13,25,12,16,3
13,NA,NA,NA,NA
13,19,6,17,4
13,NA,NA,19,6
13,18,5,16,3
13,NA,NA,NA,NA
13,NA,NA,NA,NA
13,NA,NA,NA,NA
13,NA,NA,16,3
13,21,8,17,4
13,19,6,16,3
13,NA,NA,NA,NA
13,NA,NA,16,3
13,17,4,16,3
13,NA,NA,NA,NA
13,NA,NA,NA,NA
13,NA,NA,NA,NA
13,NA,NA,NA,NA
13,NA,NA,NA,NA
13,NA,NA,NA,NA
13,NA,NA,NA,NA
13,NA,NA,16,3
13,NA,NA,19,6
13,NA,NA,16,3
13,NA,NA,16,3
13,NA,NA,22,9
13,NA,NA,15,2
13,NA,NA,NA,NA
13,NA,NA,NA,NA
13,17,4,15,2
13,NA,NA,NA,NA
13,NA,NA,NA,NA
13,22,9,18,5
13,NA,NA,NA,NA
13,19,6,15,2
13,NA,NA,NA,NA
13,NA,NA,NA,NA
13,NA,NA,NA,NA
13,NA,NA,16,3
13,NA,NA,NA,NA
13,NA,NA,NA,NA
13,20,7,16,3
13,NA,NA,NA,NA
13,NA,NA,NA,NA
13,19,6,15,2
13,NA,NA,NA,NA
13,19,6,16,3
13,NA,NA,NA,NA
13,NA,NA,NA,NA
13,NA,NA,NA,NA
13,NA,NA,NA,NA
13,NA,NA,NA,NA
13,NA,NA,16,3
13,18,5,17,4
13,NA,NA,NA,NA
13,NA,NA,NA,NA
13,NA,NA,NA,NA
13,19,6,16,3
13,NA,NA,NA,NA
13,NA,NA,NA,NA
13,NA,NA,NA,NA
13,NA,NA,NA,NA
13,NA,NA,15,2
13,NA,NA,NA,NA
13,NA,NA,NA,NA
13,NA,NA,NA,NA
13,NA,NA,NA,NA
13,NA,NA,16,3
13,NA,NA,NA,NA
13,18,5,16,3
13,NA,NA,19,6
13,NA,NA,NA,NA
13,NA,NA,NA,NA
13,NA,NA,NA,NA
13,NA,NA,NA,NA
13,NA,NA,NA,NA
13,19,6,15,2
13,NA,NA,NA,NA
13,NA,NA,NA,NA
13,NA,NA,NA,NA
13,NA,NA,NA,NA
13,NA,NA,NA,NA
13,18,5,15,2
13,NA,NA,NA,NA
13,NA,NA,15,2
13,NA,NA,NA,NA
13,NA,NA,NA,NA
13,NA,NA,NA,NA
13,NA,NA,NA,NA
13,NA,NA,NA,NA
13,NA,NA,17,4
13,NA,NA,16,3
13,NA,NA,NA,NA
13,NA,NA,NA,NA
13,NA,NA,NA,NA
13,NA,NA,15,2
13,NA,NA,16,3
13,NA,NA,16,3
13,NA,NA,17,4
13,NA,NA,NA,NA
13,NA,NA,NA,NA
13,NA,NA,16,3
13,NA,NA,NA,NA
13,NA,NA,NA,NA
13,NA,NA,NA,NA
13,NA,NA,NA,NA
13,NA,NA,16,3
13,NA,NA,NA,NA
13,NA,NA,NA,NA
13,19,6,16,3
13,NA,NA,NA,NA
13,NA,NA,17,4
13,23,10,16,3
13,NA,NA,15,2
13,NA,NA,NA,NA
13,NA,NA,NA,NA
13,NA,NA,NA,NA
13,NA,NA,NA,NA
13,NA,NA,NA,NA
13,NA,NA,NA,NA
13,NA,NA,NA,NA
13,NA,NA,16,3
13,NA,NA,NA,NA
13,NA,NA,NA,NA
13,NA,NA,NA,NA
13,NA,NA,NA,NA
13,NA,NA,NA,NA
13,NA,NA,15,2
13,19,6,16,3
13,NA,NA,NA,NA
13,19,6,17,4
13,NA,NA,NA,NA
13,NA,NA,NA,NA
13,NA,NA,16,3
13,18,5,15,2
13,NA,NA,NA,NA
13,NA,NA,NA,NA
13,18,5,15,2
13,NA,NA,NA,NA
13,19,6,16,3
13,21,8,17,4
13,NA,NA,NA,NA
13,NA,NA,NA,NA
13,NA,NA,NA,NA
13,NA,NA,NA,NA
13,NA,NA,NA,NA
13,NA,NA,NA,NA
13,NA,NA,NA,NA
13,27,14,17,4
13,NA,NA,15,2
13,NA,NA,NA,NA
13,NA,NA,NA,NA
13,NA,NA,20,7
13,19,6,16,3
13,NA,NA,NA,NA
14,19,5,16,2
14,20,6,16,2
14,20,6,16,2
14,19,5,16,2
14,NA,NA,16,2
14,19,5,16,2
14,NA,NA,16,2
14,19,5,16,2
14,19,5,16,2
14,19,5,16,2
15,NA,NA,NA,NA
15,NA,NA,17,2
15,NA,NA,NA,NA
15,NA,NA,NA,NA
15,NA,NA,18,3
15,21,6,17,2
15,NA,NA,NA,NA
15,NA,NA,17,2
15,21,6,17,2
15,19,4,18,3
15,NA,NA,17,2
15,NA,NA,NA,NA
15,NA,NA,NA,NA
15,21,6,17,2
15,NA,NA,NA,NA
15,22,7,19,4
15,NA,NA,NA,NA
15,NA,NA,NA,NA
15,NA,NA,NA,NA
15,NA,NA,NA,NA
15,20,5,19,4
15,NA,NA,NA,NA
15,23,8,17,2
15,NA,NA,17,2
15,NA,NA,17,2
15,20,5,19,4
15,NA,NA,19,4
15,NA,NA,NA,NA
15,NA,NA,19,4
15,20,5,17,2
15,22,7,18,3
15,20,5,19,4
15,NA,NA,18,3
15,NA,NA,NA,NA
15,NA,NA,19,4
15,NA,NA,17,2
15,24,9,17,2
15,NA,NA,NA,NA
15,21,6,17,2
15,21,6,18,3
15,19,4,17,2
15,NA,NA,NA,NA
15,20,5,17,2
15,NA,NA,NA,NA
15,23,8,19,4
15,NA,NA,19,4
15,NA,NA,NA,NA
15,NA,NA,17,2
15,NA,NA,NA,NA
15,24,9,18,3
15,NA,NA,NA,NA
15,23,8,19,4
15,NA,NA,NA,NA
15,NA,NA,NA,NA
15,21,6,19,4
15,NA,NA,19,4
15,NA,NA,NA,NA
15,NA,NA,NA,NA
15,NA,NA,19,4
15,NA,NA,NA,NA
15,NA,NA,NA,NA
15,NA,NA,NA,NA
15,NA,NA,NA,NA
15,NA,NA,19,4
15,NA,NA,18,3
15,NA,NA,NA,NA
15,NA,NA,21,6
15,NA,NA,NA,NA
15,NA,NA,NA,NA
15,NA,NA,NA,NA
15,22,7,19,4
15,NA,NA,17,2
15,NA,NA,19,4
15,NA,NA,NA,NA
15,NA,NA,18,3
15,NA,NA,NA,NA
15,NA,NA,NA,NA
15,NA,NA,NA,NA
15,NA,NA,NA,NA
15,NA,NA,19,4
15,NA,NA,NA,NA
15,22,7,18,3
15,NA,NA,22,7
15,NA,NA,19,4
15,NA,NA,17,2
15,NA,NA,NA,NA
15,21,6,19,4
15,22,7,18,3
15,21,6,19,4
15,NA,NA,17,2
15,NA,NA,NA,NA
15,NA,NA,21,6
15,23,8,19,4
15,21,6,17,2
15,21,6,19,4
15,NA,NA,17,2
15,NA,NA,21,6
15,23,8,19,4
15,NA,NA,NA,NA
15,NA,NA,NA,NA
15,NA,NA,18,3
15,NA,NA,NA,NA
15,NA,NA,NA,NA
15,NA,NA,NA,NA
15,NA,NA,18,3
15,NA,NA,NA,NA
15,NA,NA,NA,NA
15,NA,NA,NA,NA
15,NA,NA,NA,NA
15,21,6,19,4
15,NA,NA,17,2
15,NA,NA,18,3
15,22,7,17,2
15,21,6,17,2
15,NA,NA,NA,NA
15,NA,NA,17,2
15,NA,NA,17,2
15,NA,NA,NA,NA
15,NA,NA,19,4
15,21,6,19,4
15,NA,NA,NA,NA
15,NA,NA,17,2
15,NA,NA,17,2
15,NA,NA,NA,NA
15,NA,NA,NA,NA
15,NA,NA,NA,NA
15,NA,NA,NA,NA
15,NA,NA,19,4
15,20,5,17,2
15,NA,NA,NA,NA
15,NA,NA,NA,NA
15,24,9,19,4
15,NA,NA,NA,NA
15,23,8,17,2
15,NA,NA,NA,NA
15,NA,NA,NA,NA
15,NA,NA,17,2
15,NA,NA,NA,NA
15,NA,NA,NA,NA
15,NA,NA,NA,NA
15,NA,NA,NA,NA
15,NA,NA,NA,NA
15,NA,NA,19,4
15,24,9,19,4
15,NA,NA,NA,NA
15,NA,NA,18,3
15,NA,NA,NA,NA
15,NA,NA,NA,NA
15,24,9,20,5
15,NA,NA,17,2
15,NA,NA,21,6
15,NA,NA,NA,NA
15,NA,NA,NA,NA
15,NA,NA,18,3
15,NA,NA,NA,NA
15,23,8,19,4
15,NA,NA,NA,NA
15,NA,NA,NA,NA
15,NA,NA,18,3
15,NA,NA,NA,NA
15,20,5,17,2
15,25,10,18,3
15,NA,NA,NA,NA
15,NA,NA,NA,NA
15,NA,NA,19,4
15,NA,NA,NA,NA
15,19,4,18,3
15,NA,NA,NA,NA
15,26,11,19,4
15,NA,NA,NA,NA
15,NA,NA,NA,NA
15,24,9,19,4
15,NA,NA,17,2
15,21,6,19,4
15,NA,NA,18,3
15,NA,NA,NA,NA
15,NA,NA,22,7
15,NA,NA,18,3
15,NA,NA,NA,NA
15,NA,NA,18,3
15,NA,NA,NA,NA
15,NA,NA,NA,NA
15,NA,NA,NA,NA
15,NA,NA,17,2
15,21,6,17,2
15,NA,NA,17,2
15,NA,NA,NA,NA
15,NA,NA,NA,NA
15,NA,NA,NA,NA
15,19,4,18,3
15,NA,NA,NA,NA
15,NA,NA,NA,NA
15,NA,NA,19,4
15,NA,NA,20,5
15,NA,NA,NA,NA
15,19,4,18,3
15,NA,NA,19,4
15,NA,NA,NA,NA
15,19,4,18,3
15,NA,NA,21,6
15,NA,NA,NA,NA
15,20,5,19,4
15,NA,NA,NA,NA
15,19,4,17,2
15,NA,NA,17,2
15,25,10,18,3
15,NA,NA,19,4
15,NA,NA,18,3
15,NA,NA,NA,NA
15,NA,NA,NA,NA
15,NA,NA,18,3
15,NA,NA,18,3
15,NA,NA,NA,NA
15,NA,NA,NA,NA
15,NA,NA,NA,NA
15,21,6,19,4
15,NA,NA,NA,NA
15,NA,NA,NA,NA
15,NA,NA,18,3
15,19,4,17,2
15,NA,NA,18,3
15,NA,NA,19,4
15,NA,NA,NA,NA
15,NA,NA,17,2
15,NA,NA,NA,NA
15,NA,NA,18,3
15,NA,NA,17,2
15,19,4,18,3
15,NA,NA,NA,NA
15,NA,NA,NA,NA
15,NA,NA,17,2
15,NA,NA,NA,NA
15,21,6,19,4
15,NA,NA,19,4
15,NA,NA,NA,NA
15,NA,NA,NA,NA
15,NA,NA,NA,NA
15,23,8,19,4
15,NA,NA,NA,NA
15,21,6,18,3
15,NA,NA,18,3
15,22,7,17,2
15,NA,NA,21,6
15,NA,NA,19,4
15,NA,NA,NA,NA
15,NA,NA,NA,NA
15,NA,NA,NA,NA
15,NA,NA,17,2
15,22,7,19,4
15,NA,NA,NA,NA
15,NA,NA,18,3
15,NA,NA,17,2
15,NA,NA,20,5
15,NA,NA,20,5
15,NA,NA,18,3
15,24,9,18,3
15,26,11,19,4
15,NA,NA,NA,NA
15,NA,NA,19,4
15,23,8,19,4
15,21,6,18,3
15,NA,NA,NA,NA
15,NA,NA,17,2
15,NA,NA,NA,NA
15,NA,NA,NA,NA
15,21,6,17,2
15,NA,NA,18,3
15,22,7,18,3
15,NA,NA,NA,NA
15,NA,NA,NA,NA
15,NA,NA,NA,NA
15,NA,NA,NA,NA
15,NA,NA,NA,NA
15,NA,NA,NA,NA
15,NA,NA,NA,NA
15,NA,NA,NA,NA
15,NA,NA,NA,NA
15,NA,NA,NA,NA
15,NA,NA,21,6
15,NA,NA,NA,NA
15,NA,NA,19,4
15,NA,NA,NA,NA
14,NA,NA,NA,NA
14,NA,NA,17,3
14,NA,NA,NA,NA
14,NA,NA,NA,NA
14,21,7,17,3
14,NA,NA,NA,NA
14,22,8,18,4
14,21,7,17,3
14,NA,NA,NA,NA
14,NA,NA,NA,NA
14,20,6,17,3
14,25,11,19,5
14,NA,NA,NA,NA
14,25,11,17,3
14,NA,NA,NA,NA
14,21,7,17,3
14,NA,NA,NA,NA
14,NA,NA,NA,NA
14,NA,NA,NA,NA
14,NA,NA,NA,NA
14,NA,NA,NA,NA
14,NA,NA,NA,NA
14,19,5,17,3
14,24,10,17,3
14,19,5,17,3
14,NA,NA,NA,NA
14,NA,NA,NA,NA
14,NA,NA,17,3
14,20,6,17,3
14,19,5,18,4
14,NA,NA,NA,NA
14,NA,NA,NA,NA
14,NA,NA,NA,NA
14,NA,NA,NA,NA
14,NA,NA,NA,NA
14,NA,NA,NA,NA
14,NA,NA,NA,NA
14,19,5,17,3
14,NA,NA,NA,NA
14,19,5,18,4
14,NA,NA,17,3
14,NA,NA,NA,NA
14,22,8,17,3
14,NA,NA,17,3
14,NA,NA,NA,NA
14,NA,NA,NA,NA
14,NA,NA,NA,NA
14,NA,NA,NA,NA
14,19,5,17,3
14,NA,NA,NA,NA
14,19,5,17,3
14,NA,NA,NA,NA
14,NA,NA,NA,NA
14,NA,NA,NA,NA
14,25,11,19,5
14,25,11,17,3
14,NA,NA,NA,NA
14,NA,NA,17,3
14,NA,NA,NA,NA
14,24,10,17,3
14,NA,NA,NA,NA
14,NA,NA,NA,NA
14,NA,NA,17,3
14,NA,NA,NA,NA
14,22,8,17,3
14,NA,NA,17,3
14,26,12,22,8
14,19,5,17,3
14,NA,NA,NA,NA
14,19,5,17,3
14,NA,NA,17,3
14,NA,NA,NA,NA
14,19,5,17,3
14,NA,NA,NA,NA
14,NA,NA,17,3
14,NA,NA,NA,NA
14,19,5,17,3
14,NA,NA,17,3
14,NA,NA,NA,NA
14,19,5,18,4
14,NA,NA,NA,NA
14,NA,NA,NA,NA
14,21,7,20,6
14,NA,NA,NA,NA
14,20,6,17,3
14,NA,NA,19,5
14,NA,NA,NA,NA
14,26,12,17,3
14,19,5,18,4
14,NA,NA,NA,NA
14,NA,NA,NA,NA
14,NA,NA,NA,NA
14,NA,NA,NA,NA
14,NA,NA,NA,NA
14,NA,NA,NA,NA
14,NA,NA,NA,NA
14,NA,NA,NA,NA
14,NA,NA,NA,NA
14,NA,NA,NA,NA
14,19,5,17,3
14,NA,NA,NA,NA
14,NA,NA,NA,NA
14,NA,NA,17,3
14,19,5,17,3
14,NA,NA,NA,NA
14,NA,NA,NA,NA
14,21,7,17,3
14,NA,NA,NA,NA
14,NA,NA,17,3
14,NA,NA,NA,NA
14,NA,NA,NA,NA
14,NA,NA,NA,NA
14,NA,NA,NA,NA
14,NA,NA,NA,NA
14,19,5,17,3
14,19,5,17,3
14,NA,NA,NA,NA
14,NA,NA,NA,NA
14,21,7,19,5
14,20,6,19,5
14,NA,NA,NA,NA
14,NA,NA,NA,NA
14,NA,NA,NA,NA
14,NA,NA,NA,NA
14,NA,NA,NA,NA
14,NA,NA,NA,NA
14,NA,NA,NA,NA
14,NA,NA,19,5
14,22,8,17,3
14,NA,NA,NA,NA
14,19,5,17,3
14,NA,NA,NA,NA
14,NA,NA,17,3
14,NA,NA,NA,NA
14,NA,NA,17,3
14,18,4,17,3
14,NA,NA,NA,NA
14,NA,NA,NA,NA
14,NA,NA,NA,NA
14,NA,NA,NA,NA
14,NA,NA,NA,NA
14,NA,NA,NA,NA
14,NA,NA,NA,NA
14,NA,NA,NA,NA
14,NA,NA,18,4
14,NA,NA,NA,NA
14,NA,NA,17,3
14,19,5,17,3
14,NA,NA,NA,NA
14,NA,NA,NA,NA
14,NA,NA,NA,NA
14,NA,NA,NA,NA
14,NA,NA,NA,NA
14,NA,NA,NA,NA
14,NA,NA,NA,NA
14,NA,NA,17,3
14,NA,NA,NA,NA
14,NA,NA,NA,NA
14,NA,NA,21,7
14,24,10,17,3
14,NA,NA,NA,NA
14,19,5,17,3
14,NA,NA,NA,NA
14,21,7,17,3
14,NA,NA,NA,NA
14,19,5,17,3
14,NA,NA,17,3
14,NA,NA,NA,NA
14,NA,NA,NA,NA
14,NA,NA,NA,NA
14,NA,NA,NA,NA
14,24,10,17,3
14,NA,NA,17,3
14,NA,NA,NA,NA
14,NA,NA,NA,NA
14,NA,NA,NA,NA
14,19,5,17,3
14,NA,NA,NA,NA
16,NA,NA,NA,NA
16,NA,NA,NA,NA
16,NA,NA,NA,NA
16,NA,NA,NA,NA
16,NA,NA,NA,NA
16,NA,NA,NA,NA
16,NA,NA,NA,NA
16,NA,NA,NA,NA
16,NA,NA,NA,NA
16,NA,NA,NA,NA
16,NA,NA,NA,NA
16,NA,NA,NA,NA
16,NA,NA,19,3
16,NA,NA,NA,NA
16,NA,NA,20,4
16,NA,NA,NA,NA
16,NA,NA,NA,NA
16,NA,NA,21,5
16,NA,NA,NA,NA
16,NA,NA,NA,NA
16,NA,NA,NA,NA
16,NA,NA,NA,NA
16,NA,NA,NA,NA
16,NA,NA,NA,NA
16,NA,NA,NA,NA
16,NA,NA,NA,NA
16,NA,NA,NA,NA
16,NA,NA,NA,NA
16,NA,NA,NA,NA
16,NA,NA,NA,NA
16,NA,NA,NA,NA
16,NA,NA,18,2
16,NA,NA,NA,NA
16,NA,NA,NA,NA
16,NA,NA,NA,NA
16,NA,NA,NA,NA
16,25,9,21,5
16,NA,NA,NA,NA
16,NA,NA,NA,NA
16,NA,NA,19,3
16,NA,NA,NA,NA
16,NA,NA,20,4
16,NA,NA,19,3
16,NA,NA,NA,NA
16,NA,NA,NA,NA
20,NA,NA,NA,NA
16,NA,NA,NA,NA
16,NA,NA,22,6
16,NA,NA,NA,NA
16,NA,NA,19,3
16,NA,NA,NA,NA
16,25,9,20,4
16,NA,NA,NA,NA
16,22,6,19,3
16,NA,NA,19,3
16,22,6,19,3
16,NA,NA,NA,NA
16,NA,NA,20,4
16,NA,NA,NA,NA
16,NA,NA,NA,NA
16,NA,NA,NA,NA
16,NA,NA,NA,NA
16,NA,NA,NA,NA
16,NA,NA,NA,NA
16,NA,NA,21,5
16,24,8,19,3
16,NA,NA,20,4
16,23,7,19,3
16,NA,NA,NA,NA
16,NA,NA,NA,NA
16,NA,NA,18,2
16,NA,NA,NA,NA
16,NA,NA,NA,NA
16,NA,NA,NA,NA
16,NA,NA,22,6
16,NA,NA,22,6
16,NA,NA,18,2
16,NA,NA,19,3
16,NA,NA,NA,NA
16,NA,NA,NA,NA
16,NA,NA,NA,NA
16,NA,NA,19,3
16,NA,NA,NA,NA
16,NA,NA,22,6
16,23,7,19,3
16,NA,NA,19,3
16,NA,NA,NA,NA
16,NA,NA,NA,NA
16,NA,NA,NA,NA
16,NA,NA,21,5
16,NA,NA,NA,NA
16,NA,NA,NA,NA
16,NA,NA,NA,NA
16,NA,NA,NA,NA
16,NA,NA,NA,NA
16,NA,NA,NA,NA
16,22,6,19,3
16,NA,NA,NA,NA
16,NA,NA,NA,NA
16,22,6,19,3
16,NA,NA,NA,NA
16,NA,NA,20,4
16,NA,NA,NA,NA
16,NA,NA,NA,NA
16,21,5,19,3
16,NA,NA,NA,NA
16,NA,NA,NA,NA
16,NA,NA,19,3
16,NA,NA,NA,NA
16,22,6,19,3
16,NA,NA,NA,NA
16,NA,NA,18,2
16,NA,NA,18,2
16,NA,NA,NA,NA
16,NA,NA,NA,NA
16,NA,NA,NA,NA
16,NA,NA,NA,NA
16,NA,NA,NA,NA
16,22,6,19,3
16,NA,NA,NA,NA
16,NA,NA,NA,NA
16,NA,NA,NA,NA
16,NA,NA,NA,NA
16,NA,NA,NA,NA
16,22,6,19,3
16,NA,NA,22,6
16,NA,NA,19,3
16,NA,NA,NA,NA
16,NA,NA,20,4
16,NA,NA,NA,NA
16,NA,NA,NA,NA
16,NA,NA,19,3
16,NA,NA,NA,NA
16,NA,NA,NA,NA
16,NA,NA,NA,NA
16,21,5,18,2
16,NA,NA,NA,NA
16,NA,NA,19,3
16,NA,NA,NA,NA
16,NA,NA,NA,NA
16,NA,NA,19,3
16,21,5,18,2
16,NA,NA,NA,NA
16,NA,NA,NA,NA
16,NA,NA,NA,NA
16,NA,NA,NA,NA
16,NA,NA,22,6
16,NA,NA,NA,NA
16,NA,NA,NA,NA
16,NA,NA,NA,NA
16,NA,NA,NA,NA
16,NA,NA,21,5
16,NA,NA,NA,NA
16,NA,NA,NA,NA
16,NA,NA,NA,NA
16,NA,NA,20,4
16,NA,NA,19,3
16,NA,NA,19,3
16,NA,NA,NA,NA
16,NA,NA,NA,NA
16,NA,NA,19,3
16,NA,NA,19,3
16,22,6,20,4
16,23,7,19,3
16,NA,NA,19,3
16,NA,NA,20,4
16,NA,NA,19,3
16,NA,NA,NA,NA
16,NA,NA,NA,NA
16,NA,NA,NA,NA
16,NA,NA,NA,NA
16,NA,NA,19,3
16,NA,NA,23,7
16,NA,NA,NA,NA
16,NA,NA,NA,NA
16,NA,NA,NA,NA
16,NA,NA,NA,NA
16,NA,NA,19,3
16,NA,NA,NA,NA
16,NA,NA,19,3
16,NA,NA,NA,NA
16,NA,NA,19,3
16,NA,NA,18,2
16,NA,NA,NA,NA
16,NA,NA,NA,NA
16,NA,NA,NA,NA
16,NA,NA,NA,NA
16,NA,NA,NA,NA
16,NA,NA,NA,NA
16,21,5,19,3
16,NA,NA,NA,NA
16,NA,NA,19,3
16,NA,NA,NA,NA
16,NA,NA,19,3
16,22,6,19,3
16,NA,NA,19,3
16,NA,NA,NA,NA
16,NA,NA,NA,NA
16,NA,NA,NA,NA
16,NA,NA,NA,NA
16,22,6,19,3
16,NA,NA,NA,NA
16,NA,NA,NA,NA
16,NA,NA,NA,NA
16,NA,NA,NA,NA
16,NA,NA,NA,NA
16,NA,NA,19,3
16,NA,NA,NA,NA
16,NA,NA,NA,NA
16,22,6,19,3
16,NA,NA,NA,NA
16,NA,NA,NA,NA
16,NA,NA,NA,NA
16,NA,NA,19,3
16,NA,NA,NA,NA
16,NA,NA,NA,NA
16,NA,NA,NA,NA
16,NA,NA,NA,NA
15,NA,NA,NA,NA
17,NA,NA,20,3
17,NA,NA,22,5
17,NA,NA,NA,NA
17,NA,NA,NA,NA
17,NA,NA,NA,NA
17,NA,NA,NA,NA
17,NA,NA,20,3
17,NA,NA,20,3
17,NA,NA,19,2
17,22,5,20,3
17,NA,NA,20,3
17,NA,NA,NA,NA
17,NA,NA,NA,NA
17,NA,NA,20,3
17,NA,NA,20,3
17,22,5,21,4
17,NA,NA,21,4
17,NA,NA,NA,NA
17,23,6,20,3
17,NA,NA,NA,NA
17,NA,NA,NA,NA
17,NA,NA,NA,NA
17,NA,NA,20,3
17,NA,NA,NA,NA
17,NA,NA,NA,NA
17,24,7,22,5
17,25,8,19,2
17,NA,NA,21,4
17,NA,NA,20,3
17,NA,NA,21,4
17,NA,NA,NA,NA
17,NA,NA,NA,NA
17,NA,NA,20,3
17,NA,NA,23,6
17,NA,NA,NA,NA
17,NA,NA,NA,NA
17,NA,NA,22,5
17,NA,NA,NA,NA
17,NA,NA,NA,NA
17,NA,NA,NA,NA
17,NA,NA,NA,NA
17,NA,NA,NA,NA
17,NA,NA,NA,NA
17,NA,NA,NA,NA
17,NA,NA,19,2
17,NA,NA,21,4
17,NA,NA,NA,NA
17,NA,NA,NA,NA
17,NA,NA,NA,NA
17,NA,NA,NA,NA
17,24,7,20,3
17,NA,NA,21,4
17,NA,NA,20,3
17,NA,NA,24,7
17,NA,NA,NA,NA
17,NA,NA,NA,NA
17,NA,NA,NA,NA
17,NA,NA,NA,NA
17,NA,NA,22,5
17,26,9,20,3
17,NA,NA,20,3
17,NA,NA,NA,NA
17,NA,NA,NA,NA
17,NA,NA,20,3
17,NA,NA,NA,NA
17,NA,NA,NA,NA
17,NA,NA,NA,NA
17,NA,NA,20,3
17,25,8,21,4
17,NA,NA,20,3
17,NA,NA,NA,NA
17,NA,NA,19,2
17,NA,NA,NA,NA
17,NA,NA,21,4
17,NA,NA,NA,NA
17,NA,NA,NA,NA
17,NA,NA,19,2
17,NA,NA,21,4
17,NA,NA,19,2
17,26,9,19,2
17,NA,NA,NA,NA
17,NA,NA,NA,NA
17,NA,NA,20,3
17,NA,NA,NA,NA
17,25,8,22,5
17,NA,NA,NA,NA
17,NA,NA,19,2
17,NA,NA,20,3
17,22,5,20,3
17,NA,NA,NA,NA
17,NA,NA,22,5
17,NA,NA,NA,NA
17,NA,NA,20,3
17,NA,NA,20,3
17,NA,NA,20,3
17,NA,NA,21,4
17,NA,NA,19,2
17,NA,NA,NA,NA
17,NA,NA,NA,NA
17,NA,NA,20,3
17,NA,NA,NA,NA
17,NA,NA,NA,NA
17,NA,NA,20,3
17,NA,NA,NA,NA
17,NA,NA,NA,NA
17,NA,NA,NA,NA
17,NA,NA,NA,NA
17,NA,NA,NA,NA
17,NA,NA,19,2
17,NA,NA,20,3
17,22,5,21,4
17,NA,NA,NA,NA
17,NA,NA,NA,NA
17,NA,NA,23,6
17,25,8,22,5
17,NA,NA,NA,NA
17,NA,NA,21,4
17,NA,NA,NA,NA
17,NA,NA,NA,NA
17,NA,NA,19,2
17,NA,NA,NA,NA
17,NA,NA,NA,NA
17,24,7,20,3
17,NA,NA,NA,NA
17,NA,NA,20,3
17,22,5,20,3
17,NA,NA,20,3
17,22,5,20,3
17,NA,NA,NA,NA
17,NA,NA,NA,NA
17,NA,NA,19,2
17,23,6,22,5
17,NA,NA,NA,NA
17,NA,NA,NA,NA
17,NA,NA,19,2
17,NA,NA,NA,NA
17,24,7,22,5
17,NA,NA,NA,NA
17,NA,NA,NA,NA
17,21,4,19,2
17,NA,NA,NA,NA
17,NA,NA,20,3
17,NA,NA,21,4
17,NA,NA,19,2
17,NA,NA,NA,NA
17,NA,NA,20,3
17,NA,NA,NA,NA
17,NA,NA,NA,NA
17,NA,NA,NA,NA
17,NA,NA,19,2
17,NA,NA,NA,NA
17,NA,NA,20,3
17,NA,NA,20,3
17,NA,NA,21,4
17,NA,NA,20,3
17,22,5,19,2
17,NA,NA,22,5
17,NA,NA,NA,NA
17,NA,NA,NA,NA
17,25,8,19,2
17,27,10,21,4
17,NA,NA,19,2
17,NA,NA,22,5
17,NA,NA,NA,NA
17,NA,NA,NA,NA
17,NA,NA,NA,NA
17,NA,NA,21,4
17,NA,NA,NA,NA
17,NA,NA,20,3
17,NA,NA,20,3
17,NA,NA,NA,NA
17,NA,NA,19,2
17,NA,NA,21,4
17,NA,NA,19,2
17,NA,NA,NA,NA
17,NA,NA,20,3
17,NA,NA,NA,NA
17,NA,NA,NA,NA
17,NA,NA,NA,NA
17,NA,NA,NA,NA
17,NA,NA,NA,NA
17,NA,NA,NA,NA
17,NA,NA,NA,NA
17,NA,NA,NA,NA
17,NA,NA,19,2
17,NA,NA,20,3
17,NA,NA,NA,NA
17,NA,NA,NA,NA
17,24,7,20,3
17,NA,NA,NA,NA
17,21,4,19,2
17,NA,NA,NA,NA
17,NA,NA,NA,NA
17,NA,NA,20,3
17,NA,NA,NA,NA
17,NA,NA,NA,NA
17,NA,NA,22,5
17,NA,NA,NA,NA
17,NA,NA,21,4
17,NA,NA,NA,NA
17,NA,NA,21,4
17,NA,NA,NA,NA
17,NA,NA,20,3
17,NA,NA,20,3
17,NA,NA,NA,NA
17,NA,NA,19,2
17,NA,NA,NA,NA
17,NA,NA,NA,NA
17,NA,NA,19,2
17,NA,NA,NA,NA
17,NA,NA,21,4
17,NA,NA,NA,NA
17,NA,NA,NA,NA
17,NA,NA,20,3
17,NA,NA,NA,NA
17,NA,NA,21,4
17,NA,NA,19,2
17,NA,NA,NA,NA
17,NA,NA,NA,NA
17,24,7,21,4
17,NA,NA,NA,NA
17,NA,NA,NA,NA
17,NA,NA,19,2
17,NA,NA,NA,NA
17,NA,NA,22,5
17,NA,NA,NA,NA
17,NA,NA,NA,NA
17,NA,NA,20,3
17,NA,NA,NA,NA
17,NA,NA,19,2
18,NA,NA,NA,NA
18,NA,NA,NA,NA
18,NA,NA,NA,NA
18,NA,NA,NA,NA
18,NA,NA,NA,NA
18,NA,NA,NA,NA
18,NA,NA,NA,NA
18,25,7,22,4
18,NA,NA,NA,NA
18,NA,NA,NA,NA
18,NA,NA,NA,NA
18,NA,NA,22,4
18,NA,NA,NA,NA
18,NA,NA,23,5
18,NA,NA,NA,NA
18,NA,NA,NA,NA
18,25,7,21,3
18,NA,NA,NA,NA
18,NA,NA,NA,NA
18,NA,NA,21,3
18,NA,NA,NA,NA
18,NA,NA,NA,NA
18,NA,NA,NA,NA
18,NA,NA,NA,NA
18,NA,NA,NA,NA
18,NA,NA,NA,NA
18,NA,NA,NA,NA
18,NA,NA,NA,NA
18,25,7,21,3
18,NA,NA,NA,NA
18,NA,NA,25,7
18,NA,NA,NA,NA
18,NA,NA,NA,NA
18,NA,NA,NA,NA
18,NA,NA,NA,NA
18,NA,NA,NA,NA
18,NA,NA,NA,NA
18,NA,NA,NA,NA
18,NA,NA,NA,NA
18,24,6,21,3
18,NA,NA,21,3
18,NA,NA,20,2
18,NA,NA,NA,NA
18,NA,NA,NA,NA
18,NA,NA,NA,NA
18,25,7,23,5
18,NA,NA,22,4
18,NA,NA,21,3
18,NA,NA,NA,NA
18,NA,NA,NA,NA
18,NA,NA,NA,NA
18,NA,NA,21,3
18,NA,NA,NA,NA
18,NA,NA,21,3
18,NA,NA,NA,NA
18,NA,NA,NA,NA
18,NA,NA,NA,NA
18,NA,NA,22,4
18,22,4,20,2
18,NA,NA,NA,NA
18,NA,NA,NA,NA
18,NA,NA,NA,NA
18,NA,NA,NA,NA
18,NA,NA,NA,NA
18,NA,NA,NA,NA
18,24,6,21,3
18,NA,NA,NA,NA
18,NA,NA,NA,NA
18,NA,NA,NA,NA
18,NA,NA,20,2
18,NA,NA,NA,NA
18,NA,NA,NA,NA
18,NA,NA,NA,NA
18,NA,NA,NA,NA
18,NA,NA,NA,NA
18,NA,NA,NA,NA
18,NA,NA,NA,NA
18,NA,NA,NA,NA
18,NA,NA,NA,NA
18,NA,NA,NA,NA
18,NA,NA,22,4
18,NA,NA,NA,NA
18,NA,NA,NA,NA
18,NA,NA,NA,NA
18,NA,NA,NA,NA
18,NA,NA,NA,NA
18,NA,NA,NA,NA
18,NA,NA,NA,NA
18,NA,NA,NA,NA
18,NA,NA,NA,NA
18,NA,NA,NA,NA
18,NA,NA,NA,NA
18,NA,NA,NA,NA
18,NA,NA,22,4
18,NA,NA,26,8
18,NA,NA,NA,NA
18,NA,NA,NA,NA
18,NA,NA,NA,NA
18,NA,NA,NA,NA
18,NA,NA,NA,NA
18,NA,NA,21,3
18,NA,NA,NA,NA
18,NA,NA,NA,NA
18,NA,NA,NA,NA
18,NA,NA,NA,NA
18,NA,NA,NA,NA
18,NA,NA,NA,NA
18,NA,NA,NA,NA
18,NA,NA,NA,NA
18,NA,NA,NA,NA
18,NA,NA,NA,NA
18,NA,NA,NA,NA
18,NA,NA,20,2
18,24,6,21,3
18,23,5,21,3
18,NA,NA,21,3
18,NA,NA,NA,NA
18,NA,NA,NA,NA
18,NA,NA,NA,NA
18,NA,NA,NA,NA
18,NA,NA,NA,NA
18,NA,NA,22,4
18,NA,NA,NA,NA
18,NA,NA,NA,NA
18,NA,NA,NA,NA
18,NA,NA,NA,NA
18,NA,NA,21,3
18,NA,NA,NA,NA
18,25,7,21,3
18,NA,NA,NA,NA
18,NA,NA,NA,NA
18,NA,NA,NA,NA
18,NA,NA,NA,NA
18,23,5,21,3
18,NA,NA,22,4
18,NA,NA,NA,NA
18,NA,NA,NA,NA
18,NA,NA,22,4
18,NA,NA,NA,NA
18,NA,NA,NA,NA
18,NA,NA,NA,NA
18,NA,NA,NA,NA
18,NA,NA,NA,NA
18,NA,NA,26,8
18,25,7,22,4
18,NA,NA,NA,NA
18,NA,NA,NA,NA
18,NA,NA,NA,NA
18,NA,NA,NA,NA
18,NA,NA,NA,NA
18,NA,NA,NA,NA
18,NA,NA,NA,NA
18,NA,NA,21,3
18,NA,NA,NA,NA
18,NA,NA,NA,NA
18,NA,NA,NA,NA
18,NA,NA,NA,NA
18,NA,NA,20,2
18,NA,NA,NA,NA
18,NA,NA,NA,NA
18,NA,NA,NA,NA
18,NA,NA,NA,NA
18,NA,NA,NA,NA
18,NA,NA,NA,NA
18,22,4,21,3
18,NA,NA,21,3
18,NA,NA,22,4
18,NA,NA,NA,NA
18,NA,NA,NA,NA
18,NA,NA,NA,NA
18,NA,NA,NA,NA
18,NA,NA,22,4
18,NA,NA,NA,NA
18,NA,NA,NA,NA
18,NA,NA,NA,NA
18,NA,NA,NA,NA
18,NA,NA,NA,NA
18,NA,NA,20,2
18,NA,NA,NA,NA
18,NA,NA,NA,NA
18,NA,NA,NA,NA
18,NA,NA,22,4
18,NA,NA,21,3
18,NA,NA,NA,NA
18,NA,NA,21,3
18,NA,NA,21,3
18,NA,NA,NA,NA
18,NA,NA,21,3
18,NA,NA,NA,NA
18,NA,NA,NA,NA
18,NA,NA,22,4
18,NA,NA,NA,NA
18,NA,NA,NA,NA
18,NA,NA,NA,NA
18,25,7,21,3
18,NA,NA,26,8
18,NA,NA,27,9
18,NA,NA,NA,NA
18,NA,NA,NA,NA
18,NA,NA,22,4
18,NA,NA,NA,NA
18,NA,NA,NA,NA
18,NA,NA,21,3
18,NA,NA,NA,NA
18,NA,NA,NA,NA
18,NA,NA,NA,NA
18,NA,NA,NA,NA
18,NA,NA,NA,NA
18,NA,NA,NA,NA
18,NA,NA,NA,NA
18,NA,NA,22,4
18,NA,NA,NA,NA
18,NA,NA,21,3
18,NA,NA,NA,NA
18,NA,NA,NA,NA
18,NA,NA,21,3
18,NA,NA,NA,NA
18,25,7,23,5
18,NA,NA,NA,NA
18,NA,NA,NA,NA
18,NA,NA,NA,NA
18,NA,NA,NA,NA
18,NA,NA,21,3
18,NA,NA,21,3
18,NA,NA,NA,NA
18,NA,NA,NA,NA
18,NA,NA,NA,NA
18,NA,NA,NA,NA
18,NA,NA,NA,NA
18,24,6,21,3
18,25,7,22,4
18,NA,NA,NA,NA
18,23,5,20,2
18,NA,NA,NA,NA
18,NA,NA,NA,NA
18,NA,NA,21,3
18,NA,NA,NA,NA
18,NA,NA,NA,NA
18,NA,NA,NA,NA
18,NA,NA,NA,NA
18,NA,NA,NA,NA
18,NA,NA,NA,NA
18,NA,NA,NA,NA
18,NA,NA,NA,NA
18,NA,NA,NA,NA
18,NA,NA,22,4
18,26,8,21,3
18,NA,NA,NA,NA
18,NA,NA,NA,NA
18,NA,NA,NA,NA
18,NA,NA,22,4
18,NA,NA,NA,NA
18,NA,NA,NA,NA
18,NA,NA,21,3
18,NA,NA,21,3
18,NA,NA,NA,NA
18,NA,NA,NA,NA
18,NA,NA,NA,NA
18,NA,NA,NA,NA
18,25,7,21,3
18,NA,NA,NA,NA
18,NA,NA,NA,NA
18,NA,NA,NA,NA
18,NA,NA,21,3
18,NA,NA,21,3
18,25,7,21,3
18,NA,NA,21,3
18,NA,NA,NA,NA
18,NA,NA,NA,NA
18,NA,NA,NA,NA
18,NA,NA,22,4
18,NA,NA,21,3
18,NA,NA,NA,NA
18,NA,NA,NA,NA
18,NA,NA,NA,NA
18,25,7,22,4
18,NA,NA,NA,NA
18,NA,NA,NA,NA
18,NA,NA,NA,NA
18,NA,NA,NA,NA
18,NA,NA,NA,NA
18,26,8,22,4
18,24,6,20,2
18,NA,NA,20,2
18,NA,NA,22,4
18,NA,NA,NA,NA
18,NA,NA,NA,NA
18,NA,NA,NA,NA
18,NA,NA,NA,NA
18,NA,NA,NA,NA
18,NA,NA,NA,NA
18,NA,NA,NA,NA
19,NA,NA,NA,NA
19,NA,NA,NA,NA
19,NA,NA,NA,NA
19,NA,NA,NA,NA
19,NA,NA,22,3
19,NA,NA,NA,NA
19,NA,NA,NA,NA
19,NA,NA,22,3
19,NA,NA,NA,NA
19,NA,NA,22,3
19,26,7,21,2
19,NA,NA,NA,NA
19,25,6,22,3
19,NA,NA,22,3
19,NA,NA,NA,NA
19,NA,NA,NA,NA
19,NA,NA,NA,NA
19,NA,NA,NA,NA
19,NA,NA,NA,NA
19,NA,NA,22,3
19,NA,NA,26,7
19,NA,NA,NA,NA
19,NA,NA,NA,NA
19,NA,NA,NA,NA
19,NA,NA,NA,NA
19,NA,NA,NA,NA
19,NA,NA,25,6
19,NA,NA,22,3
19,NA,NA,NA,NA
19,NA,NA,NA,NA
19,NA,NA,NA,NA
19,NA,NA,NA,NA
19,NA,NA,NA,NA
19,NA,NA,NA,NA
19,NA,NA,NA,NA
19,24,5,22,3
19,NA,NA,NA,NA
19,NA,NA,NA,NA
19,NA,NA,NA,NA
19,NA,NA,22,3
19,NA,NA,22,3
19,NA,NA,NA,NA
19,NA,NA,NA,NA
19,NA,NA,22,3
19,NA,NA,21,2
19,NA,NA,NA,NA
19,NA,NA,NA,NA
19,NA,NA,NA,NA
19,NA,NA,22,3
19,NA,NA,NA,NA
19,NA,NA,NA,NA
19,NA,NA,22,3
19,NA,NA,22,3
19,NA,NA,NA,NA
19,NA,NA,NA,NA
19,NA,NA,NA,NA
19,NA,NA,NA,NA
19,NA,NA,NA,NA
19,NA,NA,NA,NA
19,NA,NA,NA,NA
19,25,6,22,3
19,NA,NA,NA,NA
19,NA,NA,27,8
19,NA,NA,NA,NA
19,NA,NA,NA,NA
19,NA,NA,NA,NA
19,NA,NA,NA,NA
19,NA,NA,NA,NA
19,NA,NA,NA,NA
19,NA,NA,NA,NA
19,25,6,21,2
19,NA,NA,NA,NA
19,NA,NA,NA,NA
19,NA,NA,NA,NA
19,NA,NA,NA,NA
19,NA,NA,NA,NA
19,NA,NA,NA,NA
19,NA,NA,NA,NA
19,NA,NA,NA,NA
19,NA,NA,NA,NA
19,NA,NA,NA,NA
19,NA,NA,NA,NA
19,NA,NA,NA,NA
19,NA,NA,NA,NA
19,NA,NA,22,3
19,NA,NA,NA,NA
19,NA,NA,22,3
19,NA,NA,NA,NA
19,NA,NA,NA,NA
19,NA,NA,NA,NA
19,NA,NA,NA,NA
19,NA,NA,22,3
19,NA,NA,NA,NA
19,NA,NA,NA,NA
19,NA,NA,NA,NA
19,NA,NA,NA,NA
19,NA,NA,NA,NA
19,NA,NA,NA,NA
19,26,7,22,3
19,NA,NA,NA,NA
19,NA,NA,27,8
19,NA,NA,NA,NA
19,NA,NA,NA,NA
19,NA,NA,NA,NA
19,NA,NA,NA,NA
19,NA,NA,NA,NA
19,NA,NA,NA,NA
19,NA,NA,25,6
19,NA,NA,NA,NA
19,NA,NA,NA,NA
19,NA,NA,NA,NA
19,NA,NA,NA,NA
19,NA,NA,22,3
19,NA,NA,NA,NA
19,25,6,23,4
19,NA,NA,23,4
19,NA,NA,NA,NA
19,NA,NA,NA,NA
19,NA,NA,NA,NA
19,NA,NA,NA,NA
19,NA,NA,NA,NA
19,NA,NA,22,3
19,NA,NA,NA,NA
19,NA,NA,NA,NA
19,NA,NA,NA,NA
19,NA,NA,22,3
19,NA,NA,NA,NA
19,NA,NA,21,2
19,NA,NA,22,3
19,NA,NA,NA,NA
19,NA,NA,21,2
19,NA,NA,NA,NA
19,NA,NA,23,4
19,NA,NA,NA,NA
19,NA,NA,NA,NA
19,NA,NA,NA,NA
19,NA,NA,NA,NA
19,NA,NA,NA,NA
19,NA,NA,22,3
19,NA,NA,NA,NA
19,NA,NA,NA,NA
19,NA,NA,23,4
19,NA,NA,NA,NA
19,NA,NA,22,3
19,NA,NA,NA,NA
19,NA,NA,NA,NA
19,NA,NA,NA,NA
19,NA,NA,NA,NA
19,NA,NA,NA,NA
19,NA,NA,NA,NA
19,NA,NA,22,3
19,25,6,22,3
19,NA,NA,NA,NA
19,NA,NA,NA,NA
19,NA,NA,21,2
19,NA,NA,NA,NA
19,NA,NA,NA,NA
19,NA,NA,22,3
19,NA,NA,NA,NA
19,NA,NA,NA,NA
19,NA,NA,NA,NA
19,NA,NA,NA,NA
19,NA,NA,NA,NA
19,NA,NA,NA,NA
19,NA,NA,NA,NA
19,NA,NA,22,3
19,NA,NA,NA,NA
19,NA,NA,NA,NA
19,NA,NA,NA,NA
19,25,6,22,3
19,NA,NA,NA,NA
19,NA,NA,NA,NA
19,NA,NA,NA,NA
19,NA,NA,NA,NA
19,NA,NA,22,3
19,NA,NA,NA,NA
19,NA,NA,NA,NA
19,NA,NA,NA,NA
19,NA,NA,NA,NA
19,NA,NA,NA,NA
19,NA,NA,21,2
19,NA,NA,NA,NA
19,NA,NA,NA,NA
19,NA,NA,NA,NA
19,NA,NA,NA,NA
19,NA,NA,NA,NA
19,NA,NA,NA,NA
19,NA,NA,NA,NA
19,NA,NA,NA,NA
19,NA,NA,NA,NA
19,NA,NA,22,3
19,NA,NA,NA,NA
19,NA,NA,23,4
19,NA,NA,NA,NA
19,NA,NA,NA,NA
19,NA,NA,NA,NA
19,25,6,22,3
19,NA,NA,NA,NA
19,NA,NA,NA,NA
19,NA,NA,NA,NA
19,NA,NA,NA,NA
19,NA,NA,NA,NA
19,NA,NA,NA,NA
19,NA,NA,NA,NA
19,NA,NA,27,8
19,NA,NA,NA,NA
19,NA,NA,NA,NA
19,NA,NA,NA,NA
19,NA,NA,22,3
19,NA,NA,NA,NA
19,NA,NA,NA,NA
19,NA,NA,21,2
19,NA,NA,NA,NA
19,NA,NA,NA,NA
19,NA,NA,NA,NA
19,NA,NA,22,3
19,NA,NA,NA,NA
19,NA,NA,NA,NA
19,NA,NA,NA,NA
19,NA,NA,NA,NA
19,NA,NA,NA,NA
19,NA,NA,NA,NA
19,NA,NA,NA,NA
19,NA,NA,27,8
19,NA,NA,NA,NA
19,NA,NA,NA,NA
19,NA,NA,NA,NA
19,NA,NA,NA,NA
19,NA,NA,NA,NA
19,NA,NA,NA,NA
19,NA,NA,NA,NA
19,25,6,22,3
19,NA,NA,NA,NA
19,25,6,22,3
19,NA,NA,NA,NA
19,NA,NA,NA,NA
19,25,6,22,3
19,NA,NA,NA,NA
19,NA,NA,NA,NA
19,27,8,22,3
19,NA,NA,NA,NA
19,25,6,21,2
19,NA,NA,NA,NA
19,26,7,22,3
19,NA,NA,NA,NA
19,NA,NA,NA,NA
19,NA,NA,NA,NA
19,NA,NA,NA,NA
19,NA,NA,NA,NA
19,NA,NA,NA,NA
19,NA,NA,NA,NA
19,NA,NA,NA,NA
19,NA,NA,NA,NA
19,NA,NA,NA,NA
19,NA,NA,NA,NA
19,NA,NA,NA,NA
19,NA,NA,NA,NA
19,NA,NA,NA,NA
19,NA,NA,NA,NA
19,NA,NA,NA,NA
19,NA,NA,NA,NA
19,NA,NA,22,3
19,25,6,21,2
19,NA,NA,NA,NA
19,NA,NA,22,3
19,NA,NA,NA,NA
19,26,7,21,2
19,NA,NA,NA,NA
19,NA,NA,NA,NA
19,NA,NA,NA,NA
19,NA,NA,NA,NA
19,NA,NA,NA,NA
19,NA,NA,NA,NA
19,NA,NA,NA,NA
19,NA,NA,NA,NA
19,NA,NA,NA,NA
19,NA,NA,NA,NA
20,NA,NA,NA,NA
20,NA,NA,NA,NA
20,NA,NA,NA,NA
20,NA,NA,22,2
20,NA,NA,NA,NA
20,25,5,23,3
20,NA,NA,24,4
20,NA,NA,22,2
20,NA,NA,23,3
20,NA,NA,NA,NA
20,NA,NA,24,4
20,NA,NA,NA,NA
20,NA,NA,NA,NA
20,NA,NA,NA,NA
20,NA,NA,NA,NA
20,NA,NA,23,3
20,NA,NA,23,3
20,NA,NA,23,3
20,NA,NA,23,3
20,NA,NA,23,3
20,NA,NA,23,3
20,NA,NA,22,2
20,NA,NA,NA,NA
20,NA,NA,NA,NA
20,NA,NA,NA,NA
20,NA,NA,23,3
20,NA,NA,NA,NA
20,NA,NA,22,2
20,NA,NA,23,3
20,NA,NA,NA,NA
20,NA,NA,NA,NA
20,NA,NA,NA,NA
20,NA,NA,22,2
20,NA,NA,23,3
20,NA,NA,27,7
20,NA,NA,NA,NA
20,NA,NA,22,2
20,NA,NA,23,3
20,NA,NA,23,3
20,26,6,23,3
20,NA,NA,NA,NA
20,NA,NA,23,3
20,NA,NA,NA,NA
20,NA,NA,22,2
20,NA,NA,NA,NA
20,NA,NA,23,3
20,NA,NA,22,2
20,NA,NA,23,3
20,25,5,23,3
20,NA,NA,NA,NA
20,NA,NA,22,2
20,NA,NA,NA,NA
20,NA,NA,23,3
20,NA,NA,NA,NA
20,NA,NA,22,2
20,26,6,23,3
20,NA,NA,24,4
20,NA,NA,24,4
20,NA,NA,NA,NA
20,NA,NA,23,3
20,NA,NA,NA,NA
20,NA,NA,NA,NA
20,NA,NA,22,2
20,NA,NA,22,2
20,NA,NA,23,3
20,NA,NA,23,3
20,NA,NA,NA,NA
20,NA,NA,22,2
20,NA,NA,24,4
20,NA,NA,24,4
20,25,5,23,3
20,NA,NA,NA,NA
20,NA,NA,22,2
20,NA,NA,NA,NA
20,NA,NA,23,3
20,NA,NA,NA,NA
20,NA,NA,NA,NA
20,NA,NA,23,3
20,NA,NA,23,3
20,NA,NA,23,3
20,NA,NA,22,2
20,NA,NA,NA,NA
20,NA,NA,23,3
20,NA,NA,NA,NA
20,NA,NA,NA,NA
20,NA,NA,22,2
20,NA,NA,24,4
20,NA,NA,23,3
20,NA,NA,23,3
20,NA,NA,NA,NA
20,NA,NA,26,6
20,NA,NA,22,2
20,NA,NA,23,3
20,NA,NA,NA,NA
20,NA,NA,25,5
20,NA,NA,NA,NA
20,NA,NA,NA,NA
20,NA,NA,NA,NA
20,NA,NA,23,3
20,NA,NA,24,4
20,NA,NA,24,4
20,NA,NA,22,2
20,26,6,22,2
20,NA,NA,NA,NA
20,NA,NA,23,3
20,NA,NA,23,3
20,NA,NA,23,3
20,NA,NA,22,2
20,NA,NA,NA,NA
20,NA,NA,24,4
20,NA,NA,NA,NA
20,NA,NA,NA,NA
20,NA,NA,25,5
20,NA,NA,22,2
20,26,6,22,2
20,NA,NA,NA,NA
20,25,5,22,2
20,NA,NA,NA,NA
20,NA,NA,23,3
20,NA,NA,24,4
20,NA,NA,NA,NA
20,NA,NA,22,2
20,NA,NA,23,3
20,NA,NA,22,2
20,NA,NA,NA,NA
20,NA,NA,NA,NA
20,NA,NA,NA,NA
20,NA,NA,NA,NA
20,NA,NA,NA,NA
20,NA,NA,24,4
20,NA,NA,24,4
10,23,13,20,10
20,NA,NA,NA,NA
20,NA,NA,23,3
20,NA,NA,NA,NA
20,NA,NA,22,2
20,NA,NA,23,3
20,NA,NA,22,2
20,25,5,23,3
20,25,5,22,2
20,NA,NA,23,3
20,NA,NA,22,2
20,NA,NA,24,4
20,NA,NA,22,2
20,NA,NA,NA,NA
20,NA,NA,NA,NA
20,NA,NA,24,4
20,NA,NA,23,3
20,NA,NA,22,2
20,NA,NA,24,4
20,27,7,22,2
20,27,7,23,3
20,NA,NA,NA,NA
20,NA,NA,22,2
20,NA,NA,23,3
20,NA,NA,NA,NA
20,NA,NA,NA,NA
20,NA,NA,NA,NA
20,NA,NA,NA,NA
20,NA,NA,NA,NA
20,NA,NA,23,3
20,NA,NA,NA,NA
20,NA,NA,25,5
20,NA,NA,NA,NA
20,NA,NA,23,3
20,NA,NA,22,2
20,NA,NA,NA,NA
20,NA,NA,24,4
20,26,6,22,2
20,NA,NA,22,2
20,NA,NA,NA,NA
20,NA,NA,24,4
20,26,6,24,4
20,NA,NA,25,5
20,NA,NA,NA,NA
20,NA,NA,NA,NA
20,NA,NA,NA,NA
20,NA,NA,22,2
20,NA,NA,NA,NA
20,NA,NA,23,3
20,NA,NA,22,2
20,NA,NA,22,2
20,NA,NA,NA,NA
20,NA,NA,NA,NA
20,NA,NA,NA,NA
20,NA,NA,NA,NA
20,NA,NA,23,3
20,NA,NA,NA,NA
20,NA,NA,NA,NA
20,NA,NA,NA,NA
20,NA,NA,23,3
20,NA,NA,23,3
20,NA,NA,23,3
20,NA,NA,22,2
20,NA,NA,NA,NA
20,NA,NA,NA,NA
20,NA,NA,22,2
20,NA,NA,22,2
20,NA,NA,23,3
20,NA,NA,NA,NA
20,NA,NA,23,3
20,NA,NA,NA,NA
20,NA,NA,24,4
20,NA,NA,NA,NA
20,NA,NA,NA,NA
20,NA,NA,23,3
20,27,7,23,3
20,NA,NA,NA,NA
20,NA,NA,27,7
20,NA,NA,NA,NA
20,NA,NA,25,5
20,NA,NA,NA,NA
20,NA,NA,NA,NA
20,NA,NA,22,2
20,26,6,24,4
20,NA,NA,NA,NA
20,NA,NA,22,2
20,NA,NA,NA,NA
20,NA,NA,NA,NA
20,NA,NA,23,3
20,NA,NA,NA,NA
20,NA,NA,24,4
20,NA,NA,23,3
20,NA,NA,NA,NA
20,NA,NA,NA,NA
20,NA,NA,NA,NA
20,NA,NA,NA,NA
20,NA,NA,NA,NA
20,NA,NA,22,2
20,NA,NA,22,2
20,NA,NA,NA,NA
20,NA,NA,NA,NA
20,NA,NA,23,3
20,NA,NA,26,6
20,NA,NA,NA,NA
20,NA,NA,NA,NA
20,NA,NA,22,2
20,NA,NA,NA,NA
20,NA,NA,23,3
20,NA,NA,22,2
20,NA,NA,NA,NA
20,NA,NA,NA,NA
20,NA,NA,NA,NA
20,NA,NA,23,3
20,NA,NA,23,3
20,NA,NA,24,4
20,26,6,22,2
20,NA,NA,23,3
20,NA,NA,23,3
20,NA,NA,22,2
20,NA,NA,22,2
20,27,7,23,3
20,NA,NA,NA,NA
20,NA,NA,22,2
20,NA,NA,23,3
20,26,6,23,3
20,NA,NA,22,2
20,NA,NA,NA,NA
20,27,7,24,4
20,NA,NA,NA,NA
20,NA,NA,NA,NA
20,NA,NA,NA,NA
20,NA,NA,NA,NA
20,27,7,23,3
20,NA,NA,26,6
20,NA,NA,NA,NA
20,NA,NA,22,2
20,NA,NA,NA,NA
20,NA,NA,NA,NA
20,NA,NA,NA,NA
20,NA,NA,22,2
20,NA,NA,NA,NA
20,NA,NA,NA,NA
20,NA,NA,23,3
20,NA,NA,22,2
20,NA,NA,23,3
20,NA,NA,22,2
20,NA,NA,25,5
20,26,6,23,3
20,NA,NA,24,4
20,NA,NA,22,2
20,NA,NA,23,3
20,NA,NA,24,4
20,NA,NA,NA,NA
20,NA,NA,22,2
20,NA,NA,23,3
20,NA,NA,27,7
20,NA,NA,NA,NA
20,NA,NA,NA,NA
20,NA,NA,23,3
20,NA,NA,NA,NA
20,NA,NA,23,3
20,NA,NA,22,2
20,NA,NA,23,3
20,NA,NA,23,3
20,NA,NA,NA,NA
20,NA,NA,NA,NA
20,NA,NA,23,3
20,NA,NA,NA,NA
20,NA,NA,NA,NA
20,NA,NA,22,2
20,NA,NA,23,3
20,NA,NA,24,4
20,25,5,22,2
20,NA,NA,22,2
20,NA,NA,NA,NA
20,NA,NA,NA,NA
20,NA,NA,NA,NA
20,NA,NA,NA,NA
20,NA,NA,24,4
21,NA,NA,24,3
21,NA,NA,NA,NA
21,NA,NA,25,4
21,NA,NA,26,5
21,NA,NA,23,2
21,NA,NA,NA,NA
21,NA,NA,NA,NA
21,NA,NA,NA,NA
21,NA,NA,NA,NA
21,NA,NA,24,3
21,NA,NA,NA,NA
21,NA,NA,26,5
21,NA,NA,NA,NA
21,NA,NA,NA,NA
21,NA,NA,24,3
21,NA,NA,NA,NA
21,NA,NA,NA,NA
21,NA,NA,24,3
21,NA,NA,25,4
21,NA,NA,24,3
21,NA,NA,25,4
21,NA,NA,24,3
21,NA,NA,23,2
21,NA,NA,25,4
21,NA,NA,NA,NA
21,NA,NA,NA,NA
21,NA,NA,NA,NA
21,NA,NA,NA,NA
21,NA,NA,NA,NA
21,NA,NA,24,3
21,NA,NA,NA,NA
21,NA,NA,NA,NA
21,NA,NA,NA,NA
21,NA,NA,NA,NA
21,NA,NA,NA,NA
21,NA,NA,NA,NA
21,NA,NA,NA,NA
21,NA,NA,NA,NA
21,NA,NA,23,2
21,NA,NA,NA,NA
21,NA,NA,NA,NA
21,NA,NA,25,4
21,NA,NA,23,2
21,NA,NA,25,4
21,NA,NA,NA,NA
21,NA,NA,NA,NA
21,NA,NA,NA,NA
21,NA,NA,NA,NA
21,NA,NA,23,2
21,NA,NA,NA,NA
21,NA,NA,24,3
21,NA,NA,23,2
21,NA,NA,NA,NA
21,NA,NA,NA,NA
21,NA,NA,NA,NA
21,NA,NA,NA,NA
21,NA,NA,NA,NA
21,NA,NA,NA,NA
21,NA,NA,NA,NA
21,NA,NA,24,3
21,NA,NA,25,4
21,NA,NA,24,3
21,NA,NA,NA,NA
21,NA,NA,NA,NA
21,NA,NA,NA,NA
21,NA,NA,NA,NA
21,NA,NA,NA,NA
21,NA,NA,26,5
21,NA,NA,25,4
21,NA,NA,NA,NA
21,NA,NA,NA,NA
21,NA,NA,24,3
21,NA,NA,NA,NA
21,NA,NA,NA,NA
21,NA,NA,25,4
21,NA,NA,25,4
21,NA,NA,NA,NA
21,NA,NA,NA,NA
21,NA,NA,NA,NA
21,NA,NA,NA,NA
21,NA,NA,24,3
21,NA,NA,NA,NA
21,NA,NA,NA,NA
21,NA,NA,NA,NA
21,NA,NA,26,5
21,NA,NA,24,3
21,NA,NA,23,2
21,NA,NA,24,3
21,NA,NA,NA,NA
21,NA,NA,26,5
21,NA,NA,27,6
21,NA,NA,NA,NA
21,NA,NA,23,2
21,25,4,23,2
21,NA,NA,NA,NA
21,NA,NA,NA,NA
21,NA,NA,NA,NA
21,NA,NA,23,2
21,NA,NA,24,3
21,NA,NA,NA,NA
21,NA,NA,NA,NA
21,NA,NA,NA,NA
21,NA,NA,25,4
21,NA,NA,24,3
21,NA,NA,25,4
21,NA,NA,NA,NA
21,NA,NA,NA,NA
21,NA,NA,23,2
21,NA,NA,24,3
21,NA,NA,23,2
21,NA,NA,NA,NA
21,26,5,24,3
21,NA,NA,NA,NA
21,NA,NA,NA,NA
21,NA,NA,NA,NA
21,NA,NA,24,3
21,NA,NA,23,2
21,NA,NA,NA,NA
21,NA,NA,NA,NA
21,NA,NA,24,3
21,26,5,25,4
21,27,6,24,3
21,25,4,24,3
21,NA,NA,NA,NA
21,NA,NA,26,5
21,NA,NA,24,3
21,NA,NA,26,5
21,NA,NA,NA,NA
21,NA,NA,26,5
21,NA,NA,26,5
21,NA,NA,24,3
21,NA,NA,NA,NA
21,NA,NA,25,4
21,NA,NA,23,2
21,NA,NA,25,4
21,NA,NA,24,3
21,NA,NA,NA,NA
21,NA,NA,NA,NA
21,NA,NA,NA,NA
21,NA,NA,25,4
21,NA,NA,NA,NA
21,NA,NA,26,5
21,NA,NA,NA,NA
21,NA,NA,NA,NA
21,NA,NA,NA,NA
21,NA,NA,24,3
21,NA,NA,25,4
21,NA,NA,NA,NA
21,NA,NA,25,4
21,NA,NA,NA,NA
21,NA,NA,26,5
21,NA,NA,24,3
21,NA,NA,26,5
21,26,5,23,2
21,NA,NA,23,2
21,NA,NA,25,4
21,NA,NA,NA,NA
21,NA,NA,26,5
21,NA,NA,NA,NA
21,NA,NA,24,3
21,NA,NA,NA,NA
21,NA,NA,25,4
21,NA,NA,NA,NA
21,NA,NA,NA,NA
21,NA,NA,24,3
21,NA,NA,NA,NA
21,NA,NA,26,5
21,NA,NA,23,2
21,NA,NA,NA,NA
21,NA,NA,25,4
21,NA,NA,24,3
21,NA,NA,NA,NA
21,NA,NA,26,5
21,NA,NA,NA,NA
21,NA,NA,25,4
21,NA,NA,NA,NA
21,NA,NA,NA,NA
21,NA,NA,NA,NA
21,NA,NA,26,5
21,NA,NA,NA,NA
21,NA,NA,NA,NA
21,NA,NA,25,4
21,NA,NA,NA,NA
21,NA,NA,NA,NA
21,NA,NA,NA,NA
21,NA,NA,NA,NA
21,NA,NA,24,3
21,NA,NA,NA,NA
21,NA,NA,26,5
21,NA,NA,NA,NA
21,NA,NA,25,4
21,NA,NA,NA,NA
21,NA,NA,NA,NA
21,NA,NA,26,5
21,NA,NA,NA,NA
21,NA,NA,NA,NA
21,26,5,24,3
21,NA,NA,NA,NA
21,NA,NA,24,3
21,NA,NA,25,4
21,NA,NA,24,3
21,NA,NA,24,3
21,NA,NA,26,5
21,NA,NA,25,4
21,NA,NA,24,3
21,NA,NA,26,5
21,NA,NA,24,3
21,NA,NA,NA,NA
21,NA,NA,NA,NA
21,NA,NA,NA,NA
21,NA,NA,NA,NA
21,NA,NA,NA,NA
21,NA,NA,24,3
21,NA,NA,NA,NA
21,NA,NA,24,3
21,NA,NA,NA,NA
21,NA,NA,NA,NA
21,NA,NA,NA,NA
21,NA,NA,24,3
21,NA,NA,NA,NA
21,NA,NA,25,4
21,NA,NA,24,3
21,NA,NA,NA,NA
21,NA,NA,26,5
21,NA,NA,NA,NA
21,NA,NA,25,4
21,NA,NA,25,4
21,NA,NA,NA,NA
21,NA,NA,23,2
21,NA,NA,NA,NA
21,NA,NA,NA,NA
21,NA,NA,25,4
21,NA,NA,24,3
21,NA,NA,NA,NA
21,NA,NA,24,3
21,NA,NA,NA,NA
21,NA,NA,NA,NA
21,NA,NA,NA,NA
21,NA,NA,25,4
21,NA,NA,NA,NA
21,NA,NA,NA,NA
21,NA,NA,24,3
21,NA,NA,24,3
21,NA,NA,NA,NA
21,NA,NA,NA,NA
21,NA,NA,23,2
21,NA,NA,24,3
21,NA,NA,NA,NA
21,NA,NA,NA,NA
21,NA,NA,NA,NA
21,NA,NA,26,5
21,NA,NA,25,4
21,NA,NA,NA,NA
21,NA,NA,25,4
21,NA,NA,24,3
21,NA,NA,24,3
21,NA,NA,NA,NA
21,NA,NA,NA,NA
21,NA,NA,NA,NA
21,NA,NA,26,5
21,NA,NA,25,4
21,NA,NA,NA,NA
21,NA,NA,NA,NA
21,NA,NA,23,2
21,NA,NA,23,2
21,NA,NA,NA,NA
21,NA,NA,NA,NA
21,NA,NA,NA,NA
21,NA,NA,NA,NA
21,NA,NA,24,3
21,26,5,23,2
21,26,5,25,4
21,NA,NA,25,4
21,NA,NA,23,2
21,NA,NA,25,4
21,NA,NA,24,3
21,NA,NA,NA,NA
21,NA,NA,23,2
21,NA,NA,24,3
21,NA,NA,NA,NA
21,NA,NA,NA,NA
21,NA,NA,24,3
21,NA,NA,24,3
21,NA,NA,26,5
21,NA,NA,NA,NA
21,NA,NA,NA,NA
21,NA,NA,24,3
21,NA,NA,23,2
21,NA,NA,NA,NA
21,NA,NA,NA,NA
21,NA,NA,NA,NA
21,NA,NA,NA,NA
21,NA,NA,NA,NA
21,NA,NA,25,4
21,NA,NA,NA,NA
21,NA,NA,NA,NA
21,NA,NA,NA,NA
21,NA,NA,25,4
21,NA,NA,NA,NA
21,NA,NA,23,2
21,NA,NA,NA,NA
21,NA,NA,26,5
21,NA,NA,26,5
21,NA,NA,24,3
21,NA,NA,NA,NA
21,NA,NA,25,4
21,NA,NA,24,3
21,NA,NA,24,3
21,NA,NA,23,2
21,NA,NA,26,5
21,NA,NA,NA,NA
21,NA,NA,NA,NA
21,NA,NA,24,3
21,NA,NA,NA,NA
21,NA,NA,NA,NA
21,NA,NA,NA,NA
21,NA,NA,NA,NA
21,NA,NA,24,3
21,NA,NA,25,4
22,NA,NA,NA,NA
22,NA,NA,25,3
22,NA,NA,27,5
22,NA,NA,26,4
22,NA,NA,NA,NA
22,NA,NA,25,3
22,NA,NA,NA,NA
22,NA,NA,NA,NA
22,NA,NA,NA,NA
22,NA,NA,27,5
22,NA,NA,NA,NA
22,NA,NA,NA,NA
22,NA,NA,NA,NA
22,NA,NA,NA,NA
22,NA,NA,NA,NA
22,NA,NA,24,2
22,NA,NA,26,4
22,NA,NA,NA,NA
22,NA,NA,NA,NA
22,NA,NA,25,3
22,NA,NA,NA,NA
22,NA,NA,NA,NA
22,NA,NA,NA,NA
22,NA,NA,25,3
22,NA,NA,NA,NA
22,NA,NA,NA,NA
22,NA,NA,25,3
22,NA,NA,NA,NA
22,NA,NA,NA,NA
22,NA,NA,25,3
22,NA,NA,25,3
22,NA,NA,25,3
22,NA,NA,NA,NA
22,NA,NA,25,3
22,NA,NA,25,3
22,NA,NA,NA,NA
22,NA,NA,27,5
22,NA,NA,NA,NA
22,NA,NA,NA,NA
22,NA,NA,NA,NA
22,NA,NA,25,3
22,NA,NA,25,3
22,NA,NA,NA,NA
22,NA,NA,NA,NA
22,NA,NA,26,4
22,NA,NA,NA,NA
22,NA,NA,25,3
22,NA,NA,NA,NA
22,NA,NA,25,3
22,NA,NA,NA,NA
22,NA,NA,26,4
22,NA,NA,27,5
22,NA,NA,25,3
22,NA,NA,NA,NA
22,NA,NA,NA,NA
22,NA,NA,25,3
22,NA,NA,NA,NA
22,NA,NA,26,4
22,NA,NA,NA,NA
22,NA,NA,NA,NA
22,NA,NA,NA,NA
22,NA,NA,25,3
22,NA,NA,NA,NA
22,NA,NA,NA,NA
22,NA,NA,NA,NA
22,26,4,25,3
22,NA,NA,NA,NA
22,NA,NA,26,4
22,NA,NA,NA,NA
22,NA,NA,NA,NA
22,NA,NA,NA,NA
22,NA,NA,NA,NA
22,NA,NA,NA,NA
22,NA,NA,NA,NA
22,NA,NA,NA,NA
22,NA,NA,NA,NA
22,NA,NA,24,2
22,NA,NA,NA,NA
22,NA,NA,NA,NA
22,NA,NA,NA,NA
22,NA,NA,26,4
22,NA,NA,NA,NA
22,NA,NA,27,5
22,NA,NA,NA,NA
22,NA,NA,24,2
22,NA,NA,NA,NA
22,NA,NA,NA,NA
22,NA,NA,26,4
22,NA,NA,27,5
22,NA,NA,NA,NA
22,NA,NA,26,4
22,NA,NA,24,2
22,NA,NA,NA,NA
22,NA,NA,25,3
22,NA,NA,27,5
22,NA,NA,NA,NA
22,NA,NA,NA,NA
22,NA,NA,25,3
22,NA,NA,NA,NA
22,NA,NA,25,3
22,NA,NA,25,3
22,NA,NA,25,3
22,NA,NA,25,3
22,NA,NA,26,4
22,NA,NA,NA,NA
22,NA,NA,24,2
22,NA,NA,26,4
22,NA,NA,26,4
22,NA,NA,26,4
22,NA,NA,NA,NA
22,NA,NA,25,3
22,NA,NA,25,3
22,NA,NA,NA,NA
22,NA,NA,NA,NA
22,NA,NA,NA,NA
22,NA,NA,26,4
22,NA,NA,24,2
22,NA,NA,24,2
22,NA,NA,NA,NA
22,NA,NA,26,4
22,NA,NA,25,3
22,NA,NA,25,3
22,NA,NA,NA,NA
22,NA,NA,26,4
22,NA,NA,NA,NA
22,NA,NA,25,3
22,NA,NA,NA,NA
22,NA,NA,25,3
22,NA,NA,NA,NA
22,NA,NA,25,3
22,NA,NA,26,4
22,NA,NA,26,4
22,NA,NA,26,4
22,NA,NA,26,4
22,NA,NA,NA,NA
22,NA,NA,NA,NA
22,NA,NA,26,4
22,NA,NA,NA,NA
22,NA,NA,NA,NA
22,NA,NA,NA,NA
22,NA,NA,24,2
22,NA,NA,25,3
22,NA,NA,25,3
22,NA,NA,NA,NA
22,NA,NA,26,4
22,NA,NA,24,2
22,NA,NA,NA,NA
22,NA,NA,NA,NA
22,NA,NA,NA,NA
22,NA,NA,26,4
22,NA,NA,25,3
22,NA,NA,26,4
22,NA,NA,26,4
22,NA,NA,25,3
22,NA,NA,NA,NA
22,NA,NA,NA,NA
22,NA,NA,NA,NA
22,NA,NA,25,3
22,NA,NA,NA,NA
22,NA,NA,NA,NA
22,NA,NA,NA,NA
22,NA,NA,25,3
22,NA,NA,NA,NA
22,NA,NA,NA,NA
22,NA,NA,NA,NA
22,NA,NA,NA,NA
22,NA,NA,NA,NA
22,NA,NA,NA,NA
22,NA,NA,NA,NA
22,NA,NA,NA,NA
22,NA,NA,NA,NA
22,NA,NA,NA,NA
22,NA,NA,NA,NA
22,NA,NA,NA,NA
22,NA,NA,27,5
22,NA,NA,NA,NA
22,NA,NA,NA,NA
22,NA,NA,NA,NA
22,NA,NA,NA,NA
22,NA,NA,25,3
22,NA,NA,NA,NA
22,NA,NA,26,4
22,NA,NA,NA,NA
22,NA,NA,NA,NA
22,NA,NA,25,3
22,NA,NA,NA,NA
22,NA,NA,NA,NA
22,NA,NA,NA,NA
22,NA,NA,26,4
22,NA,NA,24,2
22,NA,NA,26,4
22,NA,NA,26,4
22,NA,NA,NA,NA
22,NA,NA,NA,NA
22,NA,NA,25,3
22,NA,NA,NA,NA
22,NA,NA,27,5
22,NA,NA,25,3
22,NA,NA,NA,NA
22,NA,NA,NA,NA
22,NA,NA,NA,NA
22,NA,NA,NA,NA
22,NA,NA,26,4
22,NA,NA,NA,NA
22,NA,NA,NA,NA
22,NA,NA,25,3
22,NA,NA,25,3
22,NA,NA,NA,NA
22,NA,NA,26,4
22,NA,NA,NA,NA
22,NA,NA,25,3
22,NA,NA,NA,NA
22,NA,NA,NA,NA
22,NA,NA,NA,NA
22,NA,NA,NA,NA
22,NA,NA,NA,NA
22,NA,NA,26,4
22,NA,NA,25,3
22,NA,NA,NA,NA
22,NA,NA,NA,NA
22,NA,NA,NA,NA
22,NA,NA,NA,NA
22,NA,NA,NA,NA
22,NA,NA,NA,NA
22,NA,NA,NA,NA
22,NA,NA,25,3
22,NA,NA,NA,NA
22,NA,NA,26,4
22,NA,NA,25,3
22,NA,NA,25,3
22,NA,NA,NA,NA
22,NA,NA,NA,NA
22,NA,NA,NA,NA
22,NA,NA,26,4
22,NA,NA,26,4
22,NA,NA,NA,NA
22,NA,NA,26,4
22,NA,NA,26,4
22,NA,NA,NA,NA
22,NA,NA,26,4
22,NA,NA,25,3
22,NA,NA,NA,NA
22,NA,NA,NA,NA
22,NA,NA,26,4
22,NA,NA,NA,NA
22,NA,NA,25,3
22,NA,NA,NA,NA
22,NA,NA,NA,NA
22,NA,NA,25,3
22,NA,NA,25,3
22,NA,NA,NA,NA
22,NA,NA,25,3
22,NA,NA,NA,NA
22,NA,NA,24,2
22,NA,NA,NA,NA
22,NA,NA,NA,NA
22,NA,NA,26,4
22,NA,NA,NA,NA
22,NA,NA,26,4
22,NA,NA,NA,NA
22,NA,NA,26,4
22,NA,NA,NA,NA
22,NA,NA,25,3
22,NA,NA,NA,NA
22,NA,NA,NA,NA
22,NA,NA,27,5
22,NA,NA,25,3
22,NA,NA,26,4
22,NA,NA,NA,NA
22,NA,NA,25,3
22,NA,NA,NA,NA
22,NA,NA,25,3
22,NA,NA,25,3
23,NA,NA,26,3
23,NA,NA,26,3
23,NA,NA,NA,NA
23,NA,NA,26,3
23,NA,NA,NA,NA
23,NA,NA,26,3
23,NA,NA,NA,NA
23,NA,NA,27,4
23,NA,NA,NA,NA
23,NA,NA,NA,NA
23,NA,NA,NA,NA
23,NA,NA,26,3
23,NA,NA,NA,NA
23,NA,NA,NA,NA
23,NA,NA,NA,NA
23,NA,NA,NA,NA
23,NA,NA,NA,NA
23,NA,NA,NA,NA
23,NA,NA,26,3
23,NA,NA,NA,NA
23,NA,NA,26,3
23,NA,NA,NA,NA
23,NA,NA,NA,NA
23,NA,NA,26,3
23,NA,NA,NA,NA
23,NA,NA,25,2
23,NA,NA,NA,NA
23,NA,NA,26,3
23,NA,NA,NA,NA
23,NA,NA,NA,NA
23,NA,NA,NA,NA
23,NA,NA,NA,NA
23,NA,NA,NA,NA
23,NA,NA,NA,NA
23,NA,NA,NA,NA
23,NA,NA,NA,NA
23,NA,NA,NA,NA
23,NA,NA,27,4
23,NA,NA,26,3
23,NA,NA,NA,NA
23,NA,NA,NA,NA
23,NA,NA,25,2
23,NA,NA,NA,NA
23,NA,NA,NA,NA
23,NA,NA,NA,NA
23,NA,NA,NA,NA
23,NA,NA,26,3
23,NA,NA,NA,NA
23,NA,NA,NA,NA
23,NA,NA,26,3
23,NA,NA,NA,NA
23,NA,NA,25,2
23,NA,NA,27,4
23,NA,NA,26,3
23,NA,NA,26,3
23,NA,NA,26,3
23,NA,NA,NA,NA
23,NA,NA,26,3
23,NA,NA,NA,NA
23,NA,NA,26,3
23,NA,NA,26,3
23,NA,NA,NA,NA
23,NA,NA,26,3
23,NA,NA,NA,NA
23,NA,NA,NA,NA
23,NA,NA,27,4
23,NA,NA,NA,NA
23,NA,NA,NA,NA
23,NA,NA,26,3
23,NA,NA,NA,NA
23,NA,NA,25,2
23,NA,NA,NA,NA
23,NA,NA,27,4
23,NA,NA,26,3
23,NA,NA,NA,NA
23,NA,NA,NA,NA
23,NA,NA,26,3
23,NA,NA,25,2
23,NA,NA,NA,NA
23,NA,NA,NA,NA
23,NA,NA,25,2
23,NA,NA,25,2
23,NA,NA,NA,NA
23,NA,NA,NA,NA
23,NA,NA,NA,NA
23,NA,NA,NA,NA
23,NA,NA,NA,NA
23,NA,NA,NA,NA
23,NA,NA,26,3
23,NA,NA,NA,NA
23,NA,NA,NA,NA
23,NA,NA,NA,NA
23,NA,NA,NA,NA
23,NA,NA,27,4
23,NA,NA,NA,NA
23,NA,NA,26,3
23,NA,NA,NA,NA
23,NA,NA,26,3
23,NA,NA,NA,NA
23,NA,NA,NA,NA
23,NA,NA,27,4
23,NA,NA,NA,NA
23,NA,NA,NA,NA
23,NA,NA,NA,NA
23,NA,NA,26,3
23,NA,NA,26,3
23,NA,NA,26,3
23,NA,NA,NA,NA
23,NA,NA,NA,NA
23,NA,NA,NA,NA
23,NA,NA,NA,NA
23,NA,NA,NA,NA
23,NA,NA,NA,NA
23,NA,NA,NA,NA
23,NA,NA,NA,NA
23,NA,NA,NA,NA
23,NA,NA,NA,NA
23,NA,NA,NA,NA
23,NA,NA,26,3
23,NA,NA,NA,NA
23,NA,NA,NA,NA
23,NA,NA,26,3
23,NA,NA,NA,NA
23,NA,NA,26,3
23,NA,NA,NA,NA
23,NA,NA,26,3
23,NA,NA,NA,NA
23,NA,NA,26,3
23,NA,NA,NA,NA
23,NA,NA,NA,NA
23,NA,NA,NA,NA
23,NA,NA,NA,NA
23,NA,NA,NA,NA
23,NA,NA,27,4
23,NA,NA,NA,NA
23,NA,NA,26,3
23,NA,NA,NA,NA
23,NA,NA,NA,NA
23,NA,NA,26,3
23,NA,NA,27,4
23,NA,NA,26,3
23,NA,NA,27,4
23,NA,NA,NA,NA
23,NA,NA,25,2
23,NA,NA,NA,NA
23,NA,NA,NA,NA
23,NA,NA,25,2
23,NA,NA,NA,NA
23,NA,NA,27,4
23,NA,NA,27,4
23,NA,NA,NA,NA
23,NA,NA,NA,NA
23,NA,NA,NA,NA
23,NA,NA,26,3
23,NA,NA,NA,NA
23,NA,NA,26,3
23,NA,NA,26,3
23,NA,NA,26,3
23,NA,NA,NA,NA
23,NA,NA,NA,NA
23,NA,NA,NA,NA
23,NA,NA,NA,NA
23,NA,NA,26,3
23,NA,NA,NA,NA
23,NA,NA,NA,NA
23,NA,NA,NA,NA
23,NA,NA,NA,NA
23,NA,NA,26,3
23,NA,NA,26,3
23,NA,NA,26,3
23,NA,NA,26,3
23,NA,NA,26,3
23,NA,NA,NA,NA
23,NA,NA,NA,NA
23,NA,NA,NA,NA
23,NA,NA,NA,NA
23,NA,NA,NA,NA
23,NA,NA,NA,NA
23,NA,NA,NA,NA
23,NA,NA,26,3
23,NA,NA,NA,NA
23,NA,NA,NA,NA
23,NA,NA,26,3
23,NA,NA,NA,NA
23,NA,NA,26,3
23,NA,NA,NA,NA
23,NA,NA,NA,NA
23,NA,NA,NA,NA
23,NA,NA,26,3
23,NA,NA,26,3
23,NA,NA,26,3
23,NA,NA,NA,NA
23,NA,NA,26,3
23,NA,NA,NA,NA
23,NA,NA,26,3
23,NA,NA,26,3
23,NA,NA,NA,NA
23,NA,NA,25,2
23,NA,NA,NA,NA
23,NA,NA,NA,NA
23,NA,NA,NA,NA
23,NA,NA,25,2
23,NA,NA,NA,NA
23,NA,NA,26,3
23,NA,NA,NA,NA
23,NA,NA,NA,NA
23,NA,NA,NA,NA
23,NA,NA,NA,NA
23,NA,NA,26,3
23,NA,NA,NA,NA
23,NA,NA,NA,NA
23,NA,NA,NA,NA
23,NA,NA,NA,NA
23,NA,NA,26,3
23,NA,NA,26,3
23,NA,NA,NA,NA
23,NA,NA,NA,NA
23,NA,NA,NA,NA
23,NA,NA,26,3
23,NA,NA,NA,NA
23,NA,NA,NA,NA
23,NA,NA,NA,NA
23,NA,NA,NA,NA
23,NA,NA,26,3
23,NA,NA,NA,NA
23,NA,NA,26,3
23,NA,NA,NA,NA
23,NA,NA,NA,NA
23,NA,NA,NA,NA
23,NA,NA,NA,NA
23,NA,NA,26,3
23,NA,NA,25,2
23,NA,NA,NA,NA
23,NA,NA,NA,NA
23,NA,NA,25,2
23,NA,NA,NA,NA
23,NA,NA,26,3
23,NA,NA,NA,NA
23,NA,NA,25,2
23,NA,NA,26,3
23,NA,NA,NA,NA
23,NA,NA,26,3
23,NA,NA,NA,NA
23,NA,NA,27,4
23,NA,NA,NA,NA
23,NA,NA,NA,NA
23,NA,NA,25,2
23,NA,NA,26,3
23,NA,NA,NA,NA
23,NA,NA,NA,NA
23,NA,NA,NA,NA
23,NA,NA,NA,NA
23,NA,NA,25,2
23,NA,NA,NA,NA
23,NA,NA,NA,NA
23,NA,NA,26,3
23,NA,NA,NA,NA
23,NA,NA,NA,NA
23,NA,NA,NA,NA
23,NA,NA,26,3
23,NA,NA,NA,NA
23,NA,NA,NA,NA
23,NA,NA,27,4
23,NA,NA,26,3
23,NA,NA,26,3
23,NA,NA,26,3
23,NA,NA,NA,NA
23,NA,NA,NA,NA
23,NA,NA,NA,NA
23,NA,NA,26,3
23,NA,NA,NA,NA
23,NA,NA,26,3
23,NA,NA,NA,NA
23,NA,NA,NA,NA
23,NA,NA,NA,NA
23,NA,NA,NA,NA
23,NA,NA,NA,NA
23,NA,NA,26,3
23,NA,NA,26,3
23,NA,NA,NA,NA
23,NA,NA,NA,NA
23,NA,NA,NA,NA
23,NA,NA,NA,NA
23,NA,NA,26,3
23,NA,NA,NA,NA
23,NA,NA,NA,NA
23,NA,NA,26,3
23,NA,NA,NA,NA
23,NA,NA,NA,NA
23,NA,NA,26,3
23,NA,NA,NA,NA
23,NA,NA,26,3
23,NA,NA,NA,NA
23,NA,NA,NA,NA
23,NA,NA,26,3
23,NA,NA,NA,NA
23,NA,NA,NA,NA
23,NA,NA,NA,NA
23,NA,NA,NA,NA
23,NA,NA,NA,NA
23,NA,NA,NA,NA
23,NA,NA,NA,NA
23,NA,NA,26,3
23,NA,NA,NA,NA
23,NA,NA,NA,NA
23,NA,NA,NA,NA
23,NA,NA,NA,NA
21,NA,NA,23,2
24,NA,NA,NA,NA
24,NA,NA,NA,NA
24,NA,NA,NA,NA
24,NA,NA,NA,NA
24,NA,NA,27,3
24,NA,NA,NA,NA
24,NA,NA,NA,NA
24,NA,NA,27,3
24,NA,NA,NA,NA
24,NA,NA,NA,NA
24,NA,NA,27,3
24,NA,NA,NA,NA
24,NA,NA,NA,NA
24,NA,NA,27,3
24,NA,NA,27,3
24,NA,NA,27,3
24,NA,NA,NA,NA
24,NA,NA,NA,NA
24,NA,NA,NA,NA
24,NA,NA,27,3
24,NA,NA,NA,NA
24,NA,NA,NA,NA
24,NA,NA,NA,NA
24,NA,NA,NA,NA
24,NA,NA,NA,NA
24,NA,NA,NA,NA
24,NA,NA,27,3
24,NA,NA,NA,NA
24,NA,NA,NA,NA
24,NA,NA,27,3
24,NA,NA,NA,NA
24,NA,NA,NA,NA
24,NA,NA,NA,NA
24,NA,NA,NA,NA
24,NA,NA,27,3
24,NA,NA,27,3
24,NA,NA,NA,NA
24,NA,NA,NA,NA
24,NA,NA,NA,NA
24,NA,NA,NA,NA
24,NA,NA,NA,NA
24,NA,NA,27,3
24,NA,NA,NA,NA
24,NA,NA,NA,NA
24,NA,NA,NA,NA
24,NA,NA,NA,NA
24,NA,NA,NA,NA
24,NA,NA,NA,NA
24,NA,NA,NA,NA
24,NA,NA,NA,NA
24,NA,NA,27,3
24,NA,NA,NA,NA
24,NA,NA,27,3
24,NA,NA,NA,NA
24,NA,NA,27,3
24,NA,NA,NA,NA
24,NA,NA,NA,NA
24,NA,NA,27,3
24,NA,NA,NA,NA
24,NA,NA,27,3
24,NA,NA,27,3
24,NA,NA,NA,NA
24,NA,NA,NA,NA
24,NA,NA,27,3
24,NA,NA,NA,NA
24,NA,NA,NA,NA
24,NA,NA,NA,NA
24,NA,NA,NA,NA
24,NA,NA,NA,NA
24,NA,NA,NA,NA
24,NA,NA,NA,NA
24,NA,NA,NA,NA
24,NA,NA,NA,NA
24,NA,NA,NA,NA
24,NA,NA,27,3
24,NA,NA,NA,NA
24,NA,NA,NA,NA
24,NA,NA,NA,NA
24,NA,NA,27,3
24,NA,NA,NA,NA
24,NA,NA,27,3
24,NA,NA,NA,NA
24,NA,NA,27,3
24,NA,NA,NA,NA
24,NA,NA,NA,NA
24,NA,NA,27,3
24,NA,NA,NA,NA
24,NA,NA,27,3
24,NA,NA,NA,NA
24,NA,NA,NA,NA
24,NA,NA,NA,NA
24,NA,NA,27,3
24,NA,NA,27,3
24,NA,NA,27,3
24,NA,NA,NA,NA
24,NA,NA,27,3
24,NA,NA,NA,NA
24,NA,NA,NA,NA
24,NA,NA,NA,NA
24,NA,NA,NA,NA
24,NA,NA,NA,NA
24,NA,NA,NA,NA
24,NA,NA,27,3
24,NA,NA,NA,NA
24,NA,NA,NA,NA
24,NA,NA,NA,NA
24,NA,NA,NA,NA
24,NA,NA,27,3
24,NA,NA,NA,NA
24,NA,NA,NA,NA
24,NA,NA,NA,NA
24,NA,NA,NA,NA
24,NA,NA,NA,NA
24,NA,NA,27,3
24,NA,NA,NA,NA
24,NA,NA,NA,NA
24,NA,NA,NA,NA
24,NA,NA,27,3
24,NA,NA,NA,NA
24,NA,NA,27,3
24,NA,NA,27,3
24,NA,NA,NA,NA
24,NA,NA,27,3
24,NA,NA,NA,NA
24,NA,NA,NA,NA
24,NA,NA,NA,NA
24,NA,NA,27,3
24,NA,NA,NA,NA
24,NA,NA,27,3
24,NA,NA,27,3
24,NA,NA,NA,NA
24,NA,NA,NA,NA
24,NA,NA,NA,NA
24,NA,NA,NA,NA
24,NA,NA,27,3
24,NA,NA,27,3
24,NA,NA,27,3
24,NA,NA,NA,NA
24,NA,NA,NA,NA
24,NA,NA,27,3
24,NA,NA,NA,NA
24,NA,NA,27,3
24,NA,NA,27,3
24,NA,NA,NA,NA
24,NA,NA,NA,NA
24,NA,NA,27,3
24,NA,NA,NA,NA
24,NA,NA,NA,NA
24,NA,NA,NA,NA
24,NA,NA,NA,NA
24,NA,NA,NA,NA
24,NA,NA,NA,NA
24,NA,NA,27,3
24,NA,NA,NA,NA
24,NA,NA,NA,NA
24,NA,NA,NA,NA
24,NA,NA,NA,NA
24,NA,NA,NA,NA
24,NA,NA,NA,NA
24,NA,NA,NA,NA
24,NA,NA,NA,NA
24,NA,NA,NA,NA
24,NA,NA,NA,NA
24,NA,NA,NA,NA
24,NA,NA,NA,NA
24,NA,NA,NA,NA
24,NA,NA,27,3
24,NA,NA,27,3
24,NA,NA,NA,NA
24,NA,NA,27,3
24,NA,NA,NA,NA
24,NA,NA,NA,NA
24,NA,NA,NA,NA
24,NA,NA,27,3
24,NA,NA,NA,NA
24,NA,NA,NA,NA
24,NA,NA,NA,NA
24,NA,NA,NA,NA
24,NA,NA,NA,NA
24,NA,NA,27,3
24,NA,NA,27,3
24,NA,NA,NA,NA
24,NA,NA,NA,NA
24,NA,NA,NA,NA
24,NA,NA,NA,NA
24,NA,NA,27,3
24,NA,NA,27,3
24,NA,NA,27,3
24,NA,NA,27,3
24,NA,NA,NA,NA
24,NA,NA,NA,NA
24,NA,NA,NA,NA
24,NA,NA,27,3
24,NA,NA,27,3
24,NA,NA,NA,NA
24,NA,NA,NA,NA
24,NA,NA,27,3
24,NA,NA,NA,NA
24,NA,NA,27,3
24,NA,NA,NA,NA
24,NA,NA,27,3
24,NA,NA,NA,NA
24,NA,NA,NA,NA
24,NA,NA,NA,NA
24,NA,NA,27,3
24,NA,NA,NA,NA
24,NA,NA,NA,NA
24,NA,NA,NA,NA
24,NA,NA,NA,NA
24,NA,NA,NA,NA
24,NA,NA,27,3
24,NA,NA,27,3
24,NA,NA,NA,NA
24,NA,NA,NA,NA
24,NA,NA,NA,NA
24,NA,NA,NA,NA
24,NA,NA,27,3
24,NA,NA,NA,NA
24,NA,NA,NA,NA
24,NA,NA,27,3
24,NA,NA,27,3
24,NA,NA,NA,NA
24,NA,NA,NA,NA
24,NA,NA,NA,NA
24,NA,NA,NA,NA
24,NA,NA,NA,NA
24,NA,NA,NA,NA
24,NA,NA,NA,NA
24,NA,NA,NA,NA
24,NA,NA,NA,NA
24,NA,NA,NA,NA
24,NA,NA,NA,NA
24,NA,NA,27,3
24,NA,NA,NA,NA
24,NA,NA,NA,NA
24,NA,NA,27,3
24,NA,NA,NA,NA
24,NA,NA,NA,NA
24,NA,NA,NA,NA
24,NA,NA,NA,NA
24,NA,NA,27,3
24,NA,NA,27,3
24,NA,NA,NA,NA
24,NA,NA,NA,NA
24,NA,NA,NA,NA
24,NA,NA,27,3
24,NA,NA,NA,NA
24,NA,NA,27,3
24,NA,NA,27,3
24,NA,NA,NA,NA
24,NA,NA,NA,NA
24,NA,NA,NA,NA
24,NA,NA,27,3
24,NA,NA,27,3
24,NA,NA,NA,NA
24,NA,NA,NA,NA
24,NA,NA,27,3
24,NA,NA,NA,NA
24,NA,NA,NA,NA
24,NA,NA,27,3
24,NA,NA,NA,NA
24,NA,NA,NA,NA
24,NA,NA,NA,NA
24,NA,NA,27,3
24,NA,NA,27,3
24,NA,NA,NA,NA
24,NA,NA,27,3
24,NA,NA,NA,NA
24,NA,NA,NA,NA
24,NA,NA,NA,NA
24,NA,NA,27,3
24,NA,NA,NA,NA
24,NA,NA,27,3
24,NA,NA,27,3
24,NA,NA,NA,NA
24,NA,NA,NA,NA
24,NA,NA,NA,NA
24,NA,NA,27,3
24,NA,NA,NA,NA
24,NA,NA,NA,NA
24,NA,NA,NA,NA
24,NA,NA,NA,NA
24,NA,NA,NA,NA
24,NA,NA,NA,NA
24,NA,NA,27,3
24,NA,NA,27,3
24,NA,NA,NA,NA
24,NA,NA,27,3
24,NA,NA,NA,NA
24,NA,NA,NA,NA
24,NA,NA,NA,NA
24,NA,NA,NA,NA
24,NA,NA,27,3
24,NA,NA,NA,NA
24,NA,NA,NA,NA
24,NA,NA,NA,NA
24,NA,NA,27,3
24,NA,NA,27,3
24,NA,NA,NA,NA
24,NA,NA,NA,NA
24,NA,NA,27,3
24,NA,NA,27,3
24,NA,NA,NA,NA
24,NA,NA,NA,NA
24,NA,NA,NA,NA
24,NA,NA,NA,NA
24,NA,NA,NA,NA
25,NA,NA,NA,NA
25,NA,NA,NA,NA
25,NA,NA,NA,NA
25,NA,NA,NA,NA
25,NA,NA,27,2
25,NA,NA,NA,NA
25,NA,NA,NA,NA
25,NA,NA,NA,NA
25,NA,NA,NA,NA
25,NA,NA,NA,NA
25,NA,NA,NA,NA
25,NA,NA,NA,NA
25,NA,NA,NA,NA
25,NA,NA,NA,NA
25,NA,NA,NA,NA
25,NA,NA,NA,NA
25,NA,NA,NA,NA
25,NA,NA,NA,NA
25,NA,NA,NA,NA
25,NA,NA,NA,NA
25,NA,NA,NA,NA
25,NA,NA,NA,NA
25,NA,NA,NA,NA
25,NA,NA,NA,NA
25,NA,NA,NA,NA
25,NA,NA,NA,NA
25,NA,NA,NA,NA
25,NA,NA,NA,NA
25,NA,NA,27,2
25,NA,NA,NA,NA
25,NA,NA,NA,NA
25,NA,NA,NA,NA
25,NA,NA,NA,NA
25,NA,NA,NA,NA
25,NA,NA,NA,NA
25,NA,NA,27,2
25,NA,NA,NA,NA
25,NA,NA,27,2
25,NA,NA,NA,NA
25,NA,NA,NA,NA
25,NA,NA,NA,NA
25,NA,NA,NA,NA
25,NA,NA,NA,NA
25,NA,NA,NA,NA
25,NA,NA,NA,NA
25,NA,NA,NA,NA
25,NA,NA,NA,NA
25,NA,NA,NA,NA
25,NA,NA,NA,NA
25,NA,NA,NA,NA
25,NA,NA,NA,NA
25,NA,NA,NA,NA
25,NA,NA,NA,NA
25,NA,NA,NA,NA
25,NA,NA,NA,NA
25,NA,NA,NA,NA
25,NA,NA,NA,NA
25,NA,NA,NA,NA
25,NA,NA,NA,NA
25,NA,NA,27,2
25,NA,NA,NA,NA
25,NA,NA,NA,NA
25,NA,NA,NA,NA
25,NA,NA,NA,NA
25,NA,NA,NA,NA
25,NA,NA,NA,NA
25,NA,NA,NA,NA
25,NA,NA,NA,NA
25,NA,NA,NA,NA
25,NA,NA,NA,NA
25,NA,NA,NA,NA
25,NA,NA,27,2
25,NA,NA,NA,NA
25,NA,NA,NA,NA
25,NA,NA,NA,NA
25,NA,NA,NA,NA
25,NA,NA,NA,NA
25,NA,NA,NA,NA
25,NA,NA,27,2
25,NA,NA,NA,NA
25,NA,NA,NA,NA
25,NA,NA,NA,NA
25,NA,NA,NA,NA
25,NA,NA,NA,NA
25,NA,NA,NA,NA
25,NA,NA,NA,NA
25,NA,NA,NA,NA
25,NA,NA,NA,NA
25,NA,NA,NA,NA
25,NA,NA,NA,NA
25,NA,NA,27,2
25,NA,NA,NA,NA
25,NA,NA,NA,NA
25,NA,NA,NA,NA
25,NA,NA,NA,NA
25,NA,NA,NA,NA
25,NA,NA,NA,NA
25,NA,NA,NA,NA
25,NA,NA,NA,NA
25,NA,NA,NA,NA
25,NA,NA,NA,NA
25,NA,NA,NA,NA
25,NA,NA,NA,NA
25,NA,NA,27,2
25,NA,NA,NA,NA
25,NA,NA,NA,NA
25,NA,NA,NA,NA
25,NA,NA,27,2
25,NA,NA,NA,NA
25,NA,NA,NA,NA
25,NA,NA,NA,NA
25,NA,NA,27,2
25,NA,NA,27,2
25,NA,NA,NA,NA
25,NA,NA,NA,NA
25,NA,NA,NA,NA
25,NA,NA,NA,NA
25,NA,NA,NA,NA
25,NA,NA,NA,NA
25,NA,NA,NA,NA
25,NA,NA,NA,NA
25,NA,NA,NA,NA
25,NA,NA,NA,NA
25,NA,NA,NA,NA
25,NA,NA,NA,NA
25,NA,NA,27,2
25,NA,NA,NA,NA
25,NA,NA,NA,NA
25,NA,NA,NA,NA
25,NA,NA,NA,NA
25,NA,NA,NA,NA
25,NA,NA,NA,NA
25,NA,NA,NA,NA
25,NA,NA,NA,NA
25,NA,NA,NA,NA
25,NA,NA,NA,NA
25,NA,NA,NA,NA
25,NA,NA,NA,NA
25,NA,NA,NA,NA
25,NA,NA,NA,NA
25,NA,NA,NA,NA
25,NA,NA,27,2
25,NA,NA,NA,NA
25,NA,NA,NA,NA
25,NA,NA,NA,NA
25,NA,NA,NA,NA
25,NA,NA,NA,NA
25,NA,NA,NA,NA
25,NA,NA,NA,NA
25,NA,NA,27,2
25,NA,NA,NA,NA
25,NA,NA,NA,NA
25,NA,NA,NA,NA
25,NA,NA,NA,NA
25,NA,NA,NA,NA
25,NA,NA,NA,NA
25,NA,NA,NA,NA
25,NA,NA,NA,NA
25,NA,NA,NA,NA
25,NA,NA,NA,NA
25,NA,NA,NA,NA
25,NA,NA,NA,NA
25,NA,NA,NA,NA
25,NA,NA,NA,NA
25,NA,NA,NA,NA
25,NA,NA,NA,NA
25,NA,NA,NA,NA
25,NA,NA,NA,NA
25,NA,NA,NA,NA
25,NA,NA,NA,NA
25,NA,NA,NA,NA
25,NA,NA,NA,NA
25,NA,NA,NA,NA
25,NA,NA,NA,NA
25,NA,NA,NA,NA
25,NA,NA,NA,NA
25,NA,NA,NA,NA
25,NA,NA,NA,NA
25,NA,NA,NA,NA
25,NA,NA,NA,NA
25,NA,NA,NA,NA
25,NA,NA,27,2
25,NA,NA,NA,NA
25,NA,NA,NA,NA
25,NA,NA,NA,NA
25,NA,NA,NA,NA
25,NA,NA,NA,NA
25,NA,NA,NA,NA
25,NA,NA,NA,NA
25,NA,NA,NA,NA
25,NA,NA,NA,NA
25,NA,NA,NA,NA
25,NA,NA,27,2
25,NA,NA,NA,NA
25,NA,NA,NA,NA
25,NA,NA,27,2
25,NA,NA,NA,NA
25,NA,NA,NA,NA
25,NA,NA,NA,NA
25,NA,NA,NA,NA
25,NA,NA,NA,NA
25,NA,NA,NA,NA
25,NA,NA,27,2
25,NA,NA,NA,NA
25,NA,NA,NA,NA
25,NA,NA,NA,NA
25,NA,NA,NA,NA
25,NA,NA,NA,NA
25,NA,NA,NA,NA
25,NA,NA,NA,NA
25,NA,NA,NA,NA
25,NA,NA,NA,NA
25,NA,NA,NA,NA
25,NA,NA,NA,NA
25,NA,NA,NA,NA
25,NA,NA,27,2
25,NA,NA,NA,NA
25,NA,NA,NA,NA
25,NA,NA,NA,NA
25,NA,NA,NA,NA
25,NA,NA,NA,NA
25,NA,NA,NA,NA
25,NA,NA,27,2
25,NA,NA,NA,NA
25,NA,NA,NA,NA
25,NA,NA,NA,NA
25,NA,NA,NA,NA
25,NA,NA,NA,NA
25,NA,NA,NA,NA
25,NA,NA,NA,NA
25,NA,NA,NA,NA
25,NA,NA,NA,NA
25,NA,NA,NA,NA
25,NA,NA,NA,NA
25,NA,NA,NA,NA
25,NA,NA,NA,NA
25,NA,NA,NA,NA
25,NA,NA,NA,NA
25,NA,NA,NA,NA
25,NA,NA,NA,NA
25,NA,NA,NA,NA
25,NA,NA,NA,NA
25,NA,NA,27,2
25,NA,NA,NA,NA
25,NA,NA,27,2
25,NA,NA,NA,NA
25,NA,NA,27,2
25,NA,NA,NA,NA
25,NA,NA,NA,NA
25,NA,NA,27,2
25,NA,NA,NA,NA
25,NA,NA,NA,NA
25,NA,NA,NA,NA
25,NA,NA,NA,NA
25,NA,NA,NA,NA
25,NA,NA,NA,NA
25,NA,NA,NA,NA
25,NA,NA,NA,NA
25,NA,NA,NA,NA
25,NA,NA,NA,NA
25,NA,NA,NA,NA
25,NA,NA,NA,NA
25,NA,NA,NA,NA
25,NA,NA,NA,NA
25,NA,NA,NA,NA
25,NA,NA,NA,NA
25,NA,NA,NA,NA
25,NA,NA,NA,NA
25,NA,NA,NA,NA
25,NA,NA,NA,NA
25,NA,NA,27,2
25,NA,NA,NA,NA
25,NA,NA,NA,NA
25,NA,NA,NA,NA
25,NA,NA,NA,NA
25,NA,NA,NA,NA
25,NA,NA,27,2
25,NA,NA,NA,NA
25,NA,NA,NA,NA
25,NA,NA,NA,NA
25,NA,NA,NA,NA
25,NA,NA,NA,NA
25,NA,NA,NA,NA
25,NA,NA,27,2
25,NA,NA,NA,NA
25,NA,NA,NA,NA
25,NA,NA,NA,NA
25,NA,NA,NA,NA
25,NA,NA,NA,NA
25,NA,NA,27,2
25,NA,NA,NA,NA
25,NA,NA,NA,NA
25,NA,NA,NA,NA
25,NA,NA,NA,NA
25,NA,NA,NA,NA
25,NA,NA,NA,NA
25,NA,NA,NA,NA
25,NA,NA,NA,NA
25,NA,NA,NA,NA
25,NA,NA,NA,NA
25,NA,NA,NA,NA
25,NA,NA,NA,NA
